Unnamed: 0,uri,cid,author_handle,author_name,text,author_data,post_data,embed_data,reply_count,repost_count,like_count,quote_count,indexed_at,in_reply_to,in_reply_root,quotes,tags,mentions,links,langs,labels,is_reskeet,username,Political_Bertweet,Political_prob1,Political_prob2,Polarizing_Bertweet,Polarizing_prob1,Polarizing_prob2,Negative_Bertweet,Negative_prob1,Negative_prob2,Ideology_Bertweet,Ideology_prob1,Ideology_prob2,Ideology_prob3,TOXICITY,SEVERE_TOXICITY,INSULT,PROFANITY,IDENTITY_ATTACK,THREAT,SEXUALLY_EXPLICIT,AFFINITY_EXPERIMENTAL,COMPASSION_EXPERIMENTAL,CURIOSITY_EXPERIMENTAL,NUANCE_EXPERIMENTAL,PERSONAL_STORY_EXPERIMENTAL,REASONING_EXPERIMENTAL,RESPECT_EXPERIMENTAL,display_name,description,followers_count,follows_count,posts_count,did,date,Constructive_Phi,timestamp,hours_since_post,time_decay,engagement,engagement_score,author_score,rerank_score,rank_order,rank_source
3432,at://did:plc:z6rujpf4u56jfie7aqic2nfg/app.bsky.feed.post/3lvl3kv3jn22k,bafyreia6vkqgax5xsjbfgbi7y57e7koeu7xzo7jt3bagdin44itvudrfke,carlquintanilla.bsky.social,Carl Quintanilla,"BOOCKVAR: “.. The Baker Hughes crude oil rig count fell for a 14th straight week and by another 5 barrels and by 65 during this time frame to 410. That's the least since mid September 2021. It's growing more likely that US oil production will be down in 2025 y/o/y.”

@mikezaccardi.bsky.social",,,,2,10,26,0,2025-08-04T11:26:42Z,,,,,,,,,True,mayoisspicyy.bsky.social,1,0.0048557487316429,0.995144248008728,0,0.972595810890198,0.0274042040109634,1,0.0048557487316429,0.995144248008728,3,0.195991396903992,0.0215854570269585,0.782423138618469,0.0060631246,0.00046491623,0.00648687,0.008947432,0.0009896926,0.0060713873,0.0024328083,0.15358509,0.093215436,0.06301979,0.6910871,0.5134133,0.77348167,0.35827813,Carl Quintanilla,"25+ years at @CNBC and @NBCNews / @WSJ alum / board member, NY City Center & Sag Harbor Cinema",217680.0,762.0,7834.0,did:plc:z6rujpf4u56jfie7aqic2nfg,2025-08-04,1.0,2025-08-04 11:26:42+00:00,23.242377008055556,0.639217325225895,38,0.0008265181834000348,0.16920273858456716,3.9167130584142935,1,reranked_political
3495,at://did:plc:sv2ivxvf7fxchmo2xamo3wwx/app.bsky.feed.post/3lvl3pcj3yk2v,bafyreiajbd3qeytynrpktmkpb3chv6l2bpao5ti7sqe3hfdb23y4bvzsdy,eldiario.es,elDiario.es,Conde-Pumpido avisa al Senado de que deberá activar la renovación del Constitucional ante su salida,,,,0,1,3,0,2025-08-04T11:28:44Z,,,,,,,,,False,eldiario.es,1,0.0055118510499596,0.994488179683685,0,0.989268362522125,0.0107316076755524,1,0.0055118510499596,0.994488179683685,2,0.0082441298291087,0.980296492576599,0.0114593515172601,0.031331215,0.001039505,0.020643732,0.020168742,0.0035147965,0.005838364,0.010733845,0.05532101,0.09780297,0.19764169,0.048024524,0.08326544,0.10179639,0.31002498,elDiario.es,"Periodismo a pesar de todo. Hazte socio, hazte socia http://usuarios.eldiario.es/hazte_socio",143137.0,93.0,12237.0,did:plc:sv2ivxvf7fxchmo2xamo3wwx,2025-08-04,1.0,2025-08-04 11:28:44+00:00,23.208488119166667,0.6396345504185716,4,8.700191404210893e-05,0.11126043914360158,2.1760070888849508,2,chronological_political
557,at://did:plc:inz4fkbbp7ms3ixufw6xuvdi/app.bsky.feed.post/3lvl2ckhwr32r,bafyreib5buschcrqdvzrqwykpad67hb7jiefrah4qrsprpcrxfcn35udaq,wired.com,WIRED,"Packed with calories and protein, the same magic mixture has successfully treated famine for decades—but due to funding cuts it's now in short supply. www.wired.com/story/whats-...",,,,4,22,78,3,2025-08-04T11:04:09Z,,,,,,,,,False,wired.com,1,0.0270720403641462,0.972927927970886,0,0.976450026035309,0.0235500000417233,1,0.0270720403641462,0.972927927970886,2,0.109075576066971,0.882503628730774,0.0084207635372877,0.011686437,0.00064849854,0.007303875,0.010979908,0.0020256327,0.006809296,0.0049245935,0.08716968,0.570177,0.1276825,0.5610844,0.19273871,0.58368784,0.36318657,WIRED,"At wired.com where tomorrow is realized || Sign up for our newsletters: https://wrd.cm/newsletters

Find our WIRED journalists here: https://bsky.app/starter-pack/couts.bsky.social/3l6vez3xaus27",335130.0,86.0,4743.0,did:plc:inz4fkbbp7ms3ixufw6xuvdi,2025-08-04,1.0,2025-08-04 11:04:09+00:00,23.618210341388888,0.6346084347006505,107,0.002327301200626414,0.26049666382692943,3.5499646747896176,3,reranked_political
3432,at://did:plc:z6rujpf4u56jfie7aqic2nfg/app.bsky.feed.post/3lvl3kv3jn22k,bafyreia6vkqgax5xsjbfgbi7y57e7koeu7xzo7jt3bagdin44itvudrfke,carlquintanilla.bsky.social,Carl Quintanilla,"BOOCKVAR: “.. The Baker Hughes crude oil rig count fell for a 14th straight week and by another 5 barrels and by 65 during this time frame to 410. That's the least since mid September 2021. It's growing more likely that US oil production will be down in 2025 y/o/y.”

@mikezaccardi.bsky.social",,,,2,10,26,0,2025-08-04T11:26:42Z,,,,,,,,,True,mayoisspicyy.bsky.social,1,0.0048557487316429,0.995144248008728,0,0.972595810890198,0.0274042040109634,1,0.0048557487316429,0.995144248008728,3,0.195991396903992,0.0215854570269585,0.782423138618469,0.0060631246,0.00046491623,0.00648687,0.008947432,0.0009896926,0.0060713873,0.0024328083,0.15358509,0.093215436,0.06301979,0.6910871,0.5134133,0.77348167,0.35827813,Carl Quintanilla,"25+ years at @CNBC and @NBCNews / @WSJ alum / board member, NY City Center & Sag Harbor Cinema",217680.0,762.0,7834.0,did:plc:z6rujpf4u56jfie7aqic2nfg,2025-08-04,1.0,2025-08-04 11:26:42+00:00,23.242377008055556,0.639217325225895,38,0.0008265181834000348,0.16920273858456716,3.9167130584142935,4,chronological_political
653,at://did:plc:j4eroku3volozvv6ljsnnfec/app.bsky.feed.post/3lvl2dpvcdv27,bafyreifa2d3mbyfg2uozakrepgxhxhzj732f7eeyr7ahojjd3tgr3sw3f4,huffpost.com,HuffPost,At-home treadmills are an easy way to increase your steps while you're working or watching TV.,,,,0,0,1,0,2025-08-04T11:04:46Z,,,,,,,,,False,huffpost.com,0,0.993648111820221,0.0063518253155052,0,0.988425850868225,0.0115741658955812,0,0.993648111820221,0.0063518253155052,2,0.0262420848011971,0.967839419841766,0.0059184562414884,0.010618322,0.00061511993,0.0072468747,0.010501678,0.0016464046,0.0066151097,0.0052194796,0.16764005,0.44547683,0.077350765,0.41405264,0.496272,0.6465906,0.66112393,HuffPost,"🚨 Fair and fearless reporting since 2005. 🚨

Got a scoop? Send us news tips here 🔍 https://tips.huffpost.com",103336.0,53.0,13155.0,did:plc:j4eroku3volozvv6ljsnnfec,2025-08-04,1.0,2025-08-04 11:04:46+00:00,23.60793256361111,0.6347340293088574,1,2.1750478510527233e-05,0.0803231082064261,3.305116273183284,5,reranked_nonpolitical
2057,at://did:plc:z6rujpf4u56jfie7aqic2nfg/app.bsky.feed.post/3lvl3frt4xs2k,bafyreihghdfdvjg2uvn3jydr4hvsavqugcypjaw4ya4cd7getsc663qx3q,carlquintanilla.bsky.social,Carl Quintanilla,"B of A: “.. inflation is stuck above target, with risks of a larger and more persistent shock after the latest tariff hikes. The Fed is still missing by a lot more on inflation than its labor mandate.”",,,,1,2,13,0,2025-08-04T11:23:50Z,,,,,,,,,False,carlquintanilla.bsky.social,1,0.0022635422646999,0.99773645401001,0,0.702344238758087,0.297655761241913,1,0.0022635422646999,0.99773645401001,3,0.0066868867725133,0.005320496391505,0.987992644309998,0.012943043,0.0005078316,0.008975885,0.009434202,0.0017111509,0.006051969,0.0028309042,0.10423975,0.115081154,0.2154536,0.4797624,0.17498808,0.6147977,0.6626846,Carl Quintanilla,"25+ years at @CNBC and @NBCNews / @WSJ alum / board member, NY City Center & Sag Harbor Cinema",217680.0,762.0,7834.0,did:plc:z6rujpf4u56jfie7aqic2nfg,2025-08-04,1.0,2025-08-04 11:23:50+00:00,23.290154785833334,0.6386295683726856,16,0.0003480076561684357,0.16920273858456716,3.435662601856025,6,reranked_political
2349,at://did:plc:2lofqead276vtc5647ye7sl2/app.bsky.feed.post/3lvl3kixqhc2l,bafyreibbggc6uyjjsoxr5puhlco3pydislytcewwxcnfihp2mk3vzaru4u,aljazeera.com,Al Jazeera English,"Thousands of supporters of former Brazilian President Jair Bolsonaro have demonstrated on the streets of several Brazilian cities. 

They called for the removal of President Lula da Silva and Supreme Court Justice Alexandre de Moraes, labelling them as threats to democracy.",,,,0,0,0,0,2025-08-04T11:26:29Z,,,,,,,,,False,aljazeera.com,1,0.0022199221421033,0.99778014421463,1,0.233578711748123,0.766421258449554,1,0.0022199221421033,0.99778014421463,1,0.781509041786194,0.188712373375893,0.029778590425849,0.09481675,0.0019550323,0.034011267,0.010757872,0.011247349,0.012803185,0.0030373242,0.4717001,0.36009043,0.2688226,0.38576332,0.5608956,0.43752956,0.49380696,Al Jazeera English,Your story. Your platform. Follow our live coverage on aljazeera.com,191217.0,20.0,5818.0,did:plc:2lofqead276vtc5647ye7sl2,2025-08-04,0.0,2025-08-04 11:26:29+00:00,23.245988119166665,0.6391728828517269,0,0.0,0.14863303961744387,0.46667843889309923,7,chronological_political
3846,at://did:plc:wk7sybhegd37i7ljsltxbef6/app.bsky.feed.post/3lvl3fn3pbc2t,bafyreibjerezeubtzrrz5u2wbpxmc5haoxhojwlcsgcew4bsruu6ucx23i,justinhendrix.bsky.social,Justin Hendrix,"""Google, Meta, Amazon & Microsoft reaffirmed this past week that they are on track to spend more than $350 billion this year building and equipping AI data centers—a massive influx of money that economists & analysts say could be a countervailing force to what appears to be a decelerating economy.""",,,,1,4,6,2,2025-08-04T11:23:46Z,,,,,,,,,False,justinhendrix.bsky.social,1,0.0080773998051881,0.991922616958618,0,0.983198225498199,0.0168017074465752,1,0.0080773998051881,0.991922616958618,2,0.222907930612564,0.765155553817749,0.0119365071877837,0.014073989,0.0006341934,0.008899884,0.01086035,0.0024418586,0.006317357,0.003686073,0.090955414,0.087692045,0.17825063,0.49363783,0.07814317,0.6031028,0.4111868,Justin Hendrix,"Concerned with tech, media and democracy. CEO & Editor at Tech Policy Press. Research & Adjunct Professor at NYU Tandon School of Engineering. Opinions mine.",132319.0,1371.0,3775.0,did:plc:wk7sybhegd37i7ljsltxbef6,2025-08-04,1.0,2025-08-04 11:23:46+00:00,23.291265896944445,0.6386159060409041,13,0.000282756220636854,0.10285160403698707,3.386741930414367,8,reranked_political
2582,at://did:plc:mfrcz3kv7bsth54bkyrridp5/app.bsky.feed.post/3lvl3hmsodk2g,bafyreifisulgxuvt3uznq4flj7zhclovlzabo2jfzlwahn34aoapq2bk7a,sundaedivine.bsky.social,𝕊𝕦𝕟𝕕𝕒𝕖 𝔾𝕦𝕣𝕝,She only needs to beat Alan Wilson in the primary. The race itself won’t be competitive (I suspect).,,,,0,0,1,0,2025-08-04T11:24:51Z,at://did:plc:uqyv3jv3ivxd36uh2id64yso/app.bsky.feed.post/3lvl365vbuc2r,at://did:plc:mfrcz3kv7bsth54bkyrridp5/app.bsky.feed.post/3lvl2z6far22g,,,,,,,False,sundaedivine.bsky.social,1,0.0029214445967227,0.997078537940979,0,0.883396327495575,0.116603620350361,1,0.0029214445967227,0.997078537940979,1,0.903357923030853,0.0182164087891579,0.0784256681799889,0.14429577,0.0039482117,0.029493837,0.020920247,0.04332388,0.060119797,0.01686747,0.4624895,0.115081154,0.09724766,0.16462365,0.3689464,0.36561543,0.67523175,𝕊𝕦𝕟𝕕𝕒𝕖 𝔾𝕦𝕣𝕝,"Laugh at the absurd, ponder the peculiar, and celebrate the sheer randomness of existence. DCist.",180472.0,9459.0,7797.0,did:plc:mfrcz3kv7bsth54bkyrridp5,2025-08-04,0.0,2025-08-04 11:24:51+00:00,23.27321034138889,0.638837955152255,1,2.1750478510527233e-05,0.14028094743584163,0.6928530794490095,9,chronological_political
4038,at://did:plc:nzfau2n6k6p2maqox4crsdjg/app.bsky.feed.post/3lvl2zkgc2c27,bafyreieqtaqzfs42zhwy6w4lnudqasggjkls5rbysjfpegdpbnuwjymikm,susielee.house.gov,Congresswoman Susie Lee,This new trail will take bikers and pedestrians off the roadway and give them a safe place to enjoy our world class public lands.,,,,0,0,0,0,2025-08-04T11:17:00Z,at://did:plc:nzfau2n6k6p2maqox4crsdjg/app.bsky.feed.post/3lvl2zkg37k27,at://did:plc:nzfau2n6k6p2maqox4crsdjg/app.bsky.feed.post/3lvl2zkg37k27,,,,,,,False,susielee.house.gov,0,0.973460495471954,0.0265395175665617,0,0.989080667495728,0.0109192924574018,0,0.973460495471954,0.0265395175665617,2,0.163368076086044,0.8140629529953,0.0225689094513655,0.056016337,0.002231598,0.020385906,0.01309778,0.012340514,0.009644418,0.005396411,0.29854265,0.78063315,0.061046667,0.5057324,0.5387309,0.5974489,0.8414791,Congresswoman Susie Lee,Proudly serving the folks in Nevada's 3rd District. Bipartisan Leader. Education Advocate. Mom to two great kids.,6886.0,3.0,479.0,did:plc:nzfau2n6k6p2maqox4crsdjg,2025-08-04,1.0,2025-08-04 11:17:00+00:00,23.40404367472222,0.6372306986854264,0,0.0,0.005352490159377663,3.286051672896125,10,reranked_nonpolitical
4039,at://did:plc:nzfau2n6k6p2maqox4crsdjg/app.bsky.feed.post/3lvl2zkg37k27,bafyreict2lxush4b7jr46mxf4yowjwl5xc43xhbovrmkdnf4stzunvvpz4,susielee.house.gov,Congresswoman Susie Lee,"I hike or bike on our local trails every chance I get, so I know how dangerous it can be when they hug busy roads and intersections.

After I secured a $1 million federal investment, we’re now one step closer to completing the Red Rock Legacy Trail.",,,,1,0,1,0,2025-08-04T11:17:00Z,,,,,,,,,False,susielee.house.gov,1,0.490721613168716,0.509278357028961,0,0.989954352378845,0.0100456662476063,1,0.490721613168716,0.509278357028961,2,0.01596999168396,0.977255880832672,0.0067741805687546,0.010492661,0.00068187714,0.007911879,0.009545219,0.0017019014,0.006641001,0.0028161597,0.8832873,0.79673636,0.09036188,0.55590534,0.8767884,0.5666529,0.85001093,Congresswoman Susie Lee,Proudly serving the folks in Nevada's 3rd District. Bipartisan Leader. Education Advocate. Mom to two great kids.,6886.0,3.0,479.0,did:plc:nzfau2n6k6p2maqox4crsdjg,2025-08-04,1.0,2025-08-04 11:17:00+00:00,23.40404367472222,0.6372306986854264,2,4.3500957021054466e-05,0.005352490159377663,3.3397974990073593,11,reranked_political
2168,at://did:plc:wjatbj4hiinxfqaeixaw2bcp/app.bsky.feed.post/3lvl3hernl523,bafyreibcnzkwsmuhrkok2q3lt26yjwco3hhwba7gxizpxtabvrhvbf4opu,realtuckfrumper.bsky.social,Tuck | Political Roastmaster,Swiss president under fire after Trump call leads to US tariffs shock https://twp.ai/4ioxx1,,,,0,0,1,0,2025-08-04T11:24:43Z,,,,,,,,,False,realtuckfrumper.bsky.social,1,0.0031654825434088,0.996834576129913,1,0.0905483067035675,0.909451723098755,1,0.0031654825434088,0.996834576129913,3,0.0125061068683863,0.0338501483201981,0.95364373922348,0.05131592,0.002412796,0.015568925,0.023379711,0.014551271,0.018364733,0.021703599,0.17470887,0.21835022,0.13764244,0.1611895,0.15146351,0.110383466,0.29574555,Tuck | Political Roastmaster,Roasting politics since 2009. Snark-first commentary for the relentlessly online.,206295.0,143906.0,243667.0,did:plc:wjatbj4hiinxfqaeixaw2bcp,2025-08-04,0.0,2025-08-04 11:24:43+00:00,23.275432563611112,0.6388106218649472,1,2.1750478510527233e-05,0.16035317418367917,-0.20168117129037483,12,chronological_political
3680,at://did:plc:6y2b4lqfw2j3oyycegx3ey7q/app.bsky.feed.post/3lvkzjviaws2p,bafyreif6ivtzsecklk36lvcwraygyxgickmumhcqk65hxz4rfczkvy4pvu,jeffjarvis.bsky.social,Jeff (Gutenberg Parenthesis) Jarvis,"Well, fancy this: The Times discovers that New York Jews are not a monolith, including in their views of Israel's crimes in Gaza. 
Many Jewish Voters Back Mamdani. And Many Agree With Him on Gaza. www.nytimes.com/2025/08/04/n...",,,,2,15,85,1,2025-08-04T10:50:21Z,,,,,,,,,False,jeffjarvis.bsky.social,1,0.0028160896617919,0.997183859348297,0,0.952930688858032,0.0470692589879036,1,0.0028160896617919,0.997183859348297,3,0.155189394950867,0.010322006419301,0.834488570690155,0.24763705,0.008430481,0.071750276,0.06395709,0.29035977,0.011172019,0.02418064,0.64861864,0.61117506,0.5448541,0.46405444,0.27196422,0.504478,0.7683344,Jeff (Gutenberg Parenthesis) Jarvis,"Visiting prof @Stony Brook; fellow @Montclair State; emeritus prof @CUNY's Newmark School of Journalism. Co-host: This Week in Google, AI Inside. Author of The Gutenberg Parenthesis, Magazine, The Web We Weave, available at: https://jeffjarvis.com ",138113.0,1897.0,11356.0,did:plc:6y2b4lqfw2j3oyycegx3ey7q,2025-08-04,1.0,2025-08-04 10:50:21+00:00,23.84821034138889,0.6318043226249827,103,0.0022402992865843047,0.1073552822222084,3.046316957429288,13,reranked_political
2170,at://did:plc:wjatbj4hiinxfqaeixaw2bcp/app.bsky.feed.post/3lvl3gxty4y2i,bafyreiagzo3mz7nbjelvtdwt5o4kb433wudetu6qj27qo2hhx7fcphqta4,realtuckfrumper.bsky.social,Tuck | Political Roastmaster,'That's just not true!' Morning Joe wrecks Trump's scramble to justify shock firing https://twp.ai/4ioxx2,,,,0,0,2,0,2025-08-04T11:24:30Z,,,,,,,,,False,realtuckfrumper.bsky.social,1,0.0024702700320631,0.997529804706573,1,0.0211279187351465,0.978872120380402,1,0.0024702700320631,0.997529804706573,3,0.0331732593476772,0.0043860487639904,0.962440669536591,0.09525062,0.0026893616,0.026831545,0.02119352,0.004680229,0.029933142,0.016749516,0.21123351,0.10744284,0.22143239,0.06957339,0.11621268,0.052624613,0.14889477,Tuck | Political Roastmaster,Roasting politics since 2009. Snark-first commentary for the relentlessly online.,206295.0,143906.0,243667.0,did:plc:wjatbj4hiinxfqaeixaw2bcp,2025-08-04,0.0,2025-08-04 11:24:30+00:00,23.27904367472222,0.6387662077673328,2,4.3500957021054466e-05,0.16035317418367917,-0.4205416679619759,14,chronological_political
528,at://did:plc:i3fhjvvkbmirhyu4aeihhrnv/app.bsky.feed.post/3lvl2od4phm2c,bafyreif4kyvb7vt453oavateamgbathpqmsr64slt2fadvnlxlql4aefra,wsj.com,The Wall Street Journal,"Demand for restaurant space in New York City has rarely been greater than it is now, helping power the city’s retail real-estate recovery.",,,,1,1,3,0,2025-08-04T11:10:43Z,,,,,,,,,False,wsj.com,0,0.942793607711792,0.057206392288208,0,0.988502264022827,0.0114977611228824,0,0.942793607711792,0.057206392288208,2,0.0570435859262943,0.936897337436676,0.006059028673917,0.005026425,0.0004172325,0.0060498673,0.00904991,0.0017204003,0.006000186,0.0032732328,0.080970325,0.21835022,0.07947273,0.4216403,0.20453171,0.55324537,0.5593265,The Wall Street Journal,"Since 1889 🗞️

Sign up for our newsletters and alerts: http://wsj.com/newsletters
Got a tip? http://wsj.com/tips
Follow our staff: https://go.bsky.app/2ppWqxF",152609.0,54.0,5933.0,did:plc:i3fhjvvkbmirhyu4aeihhrnv,2025-08-04,1.0,2025-08-04 11:10:43+00:00,23.508765896944443,0.6359471252145964,5,0.00010875239255263615,0.11862302798903074,3.2352256231315,15,reranked_nonpolitical
671,at://did:plc:aonrplpou355iyrtvtimbj2q/app.bsky.feed.post/3lvl25uyawp2g,bafyreidj3mzlxwozvssumkn5gbom3dvu6fqs5hx24zt2vydkfkyg3ybz7e,newsweek.com,Newsweek,Over half the neighbors' joint drills since 2019 took place in the past six years as the quasi-alliance matures.,,,,0,0,0,0,2025-08-04T11:01:30Z,,,,,,,,,False,newsweek.com,1,0.0067741479724645,0.993225872516632,0,0.990755975246429,0.0092440294101834,1,0.0067741479724645,0.993225872516632,2,0.0073992321267724,0.981549680233002,0.011051120236516,0.011183795,0.00056505203,0.007835878,0.010296722,0.002173624,0.0066927844,0.004895105,0.24385335,0.1189293,0.08925207,0.32037753,0.39763463,0.40820757,0.51710594,Newsweek,"Newsweek provides in-depth analysis, news and opinion about international issues, technology, business, culture and politics.
",89670.0,31.0,7175.0,did:plc:aonrplpou355iyrtvtimbj2q,2025-08-04,1.0,2025-08-04 11:01:30+00:00,23.662377008055554,0.6340690001277127,0,0.0,0.06970052172398998,2.8720960825412463,16,reranked_political
2057,at://did:plc:z6rujpf4u56jfie7aqic2nfg/app.bsky.feed.post/3lvl3frt4xs2k,bafyreihghdfdvjg2uvn3jydr4hvsavqugcypjaw4ya4cd7getsc663qx3q,carlquintanilla.bsky.social,Carl Quintanilla,"B of A: “.. inflation is stuck above target, with risks of a larger and more persistent shock after the latest tariff hikes. The Fed is still missing by a lot more on inflation than its labor mandate.”",,,,1,2,13,0,2025-08-04T11:23:50Z,,,,,,,,,False,carlquintanilla.bsky.social,1,0.0022635422646999,0.99773645401001,0,0.702344238758087,0.297655761241913,1,0.0022635422646999,0.99773645401001,3,0.0066868867725133,0.005320496391505,0.987992644309998,0.012943043,0.0005078316,0.008975885,0.009434202,0.0017111509,0.006051969,0.0028309042,0.10423975,0.115081154,0.2154536,0.4797624,0.17498808,0.6147977,0.6626846,Carl Quintanilla,"25+ years at @CNBC and @NBCNews / @WSJ alum / board member, NY City Center & Sag Harbor Cinema",217680.0,762.0,7834.0,did:plc:z6rujpf4u56jfie7aqic2nfg,2025-08-04,1.0,2025-08-04 11:23:50+00:00,23.290154785833334,0.6386295683726856,16,0.0003480076561684357,0.16920273858456716,3.435662601856025,17,chronological_political
81,at://did:plc:ln72v57ivz2g46uqf4xxqiuh/app.bsky.feed.post/3lvl27mvs3f22,bafyreibsjbqgmbbkpq235didhj4nvrgpjfrxr3p2sicomh6rj4qsayjc4a,npr.org,NPR,"Trump says his tariffs will spur America into a ""golden age"" — but that remains far from certain. Here are 5 things to know about how his trade policies could impact the U.S. and the global economy.",,,,37,16,100,5,2025-08-04T11:02:30Z,,,,,,,,,False,npr.org,1,0.0022089728154242,0.997791051864624,1,0.0272976700216532,0.972702324390411,1,0.0022089728154242,0.997791051864624,3,0.0215075612068176,0.0066272565163672,0.971865117549896,0.01834645,0.0005674362,0.011008898,0.009852652,0.0024418586,0.006155535,0.0032437444,0.076109394,0.072964646,0.24966244,0.3313368,0.06686595,0.3544376,0.28150064,NPR,This is NPR 🎙️,926305.0,233.0,7405.0,did:plc:ln72v57ivz2g46uqf4xxqiuh,2025-08-04,1.0,2025-08-04 11:02:30+00:00,23.645710341388888,0.6342725064545022,158,0.003436575604663303,0.7200171938835791,2.678138179623062,18,reranked_political
3846,at://did:plc:wk7sybhegd37i7ljsltxbef6/app.bsky.feed.post/3lvl3fn3pbc2t,bafyreibjerezeubtzrrz5u2wbpxmc5haoxhojwlcsgcew4bsruu6ucx23i,justinhendrix.bsky.social,Justin Hendrix,"""Google, Meta, Amazon & Microsoft reaffirmed this past week that they are on track to spend more than $350 billion this year building and equipping AI data centers—a massive influx of money that economists & analysts say could be a countervailing force to what appears to be a decelerating economy.""",,,,1,4,6,2,2025-08-04T11:23:46Z,,,,,,,,,False,justinhendrix.bsky.social,1,0.0080773998051881,0.991922616958618,0,0.983198225498199,0.0168017074465752,1,0.0080773998051881,0.991922616958618,2,0.222907930612564,0.765155553817749,0.0119365071877837,0.014073989,0.0006341934,0.008899884,0.01086035,0.0024418586,0.006317357,0.003686073,0.090955414,0.087692045,0.17825063,0.49363783,0.07814317,0.6031028,0.4111868,Justin Hendrix,"Concerned with tech, media and democracy. CEO & Editor at Tech Policy Press. Research & Adjunct Professor at NYU Tandon School of Engineering. Opinions mine.",132319.0,1371.0,3775.0,did:plc:wk7sybhegd37i7ljsltxbef6,2025-08-04,1.0,2025-08-04 11:23:46+00:00,23.291265896944445,0.6386159060409041,13,0.000282756220636854,0.10285160403698707,3.386741930414367,19,chronological_political
507,at://did:plc:azsiq6a5plbpa7ekw7pdrnum/app.bsky.feed.post/3lvl2arpola2a,bafyreicggxso6lv4rmnzli4f53fk3bnd45mlz44mdjmwnfzwzpx7u65cfy,businessinsider.com,Business Insider,"Taylor Swift's business savvy is the subject of economist Sinéad O'Sullivan's forthcoming book, ""Good Ideas and Power Moves.""",,,,1,0,2,0,2025-08-04T11:03:08Z,,,,,,,,,False,businessinsider.com,0,0.986763060092926,0.0132369017228484,0,0.989993035793304,0.0100069176405668,0,0.986763060092926,0.0132369017228484,2,0.0278213862329721,0.964571893215179,0.0076066767796874,0.008105109,0.0005030632,0.0072848746,0.010108846,0.0019053896,0.0065633263,0.005337434,0.32069492,0.23711215,0.25922137,0.18907832,0.40183613,0.3759815,0.8486028,Business Insider,"What you want to know about business. 
Follow us on Facebook, Instagram, and YouTube. 
Visit our homepage for the day's top stories.
businessinsider.com


",38152.0,43.0,12567.0,did:plc:azsiq6a5plbpa7ekw7pdrnum,2025-08-04,1.0,2025-08-04 11:03:08+00:00,23.635154785833333,0.6344014275763427,3,6.52514355315817e-05,0.029655562672172026,2.637650233916375,20,reranked_nonpolitical
618,at://did:plc:d2jith367s6ybc3ldsusgdae/app.bsky.feed.post/3lvkzaos6h32v,bafyreiaaqcyagqkzbjri7heyyn7fsk2g3zrhu4u7dcxfqenpq4kmb36d7e,latimes.com,Los Angeles Times,'It needs more water': Calls grow for boosting Mono Lake by easing L.A.'s water reliance,,,,0,1,1,0,2025-08-04T10:45:11Z,,,,,,,,,False,latimes.com,1,0.0425047911703587,0.957495212554932,0,0.989654004573822,0.0103460559621453,1,0.0425047911703587,0.957495212554932,1,0.909723222255707,0.0844294652342796,0.0058472570963203,0.00804228,0.00061035156,0.0069808727,0.010108846,0.002192123,0.0064468146,0.0036713288,0.08591893,0.15040267,0.09259545,0.20716603,0.20850179,0.37944743,0.4111868,Los Angeles Times,"News from a West Coast perspective.

Read more at www.latimes.com.",78395.0,143.0,8266.0,did:plc:d2jith367s6ybc3ldsusgdae,2025-08-04,1.0,2025-08-04 10:45:11+00:00,23.9343214525,0.6307576646959369,2,4.3500957021054466e-05,0.06093646036079173,2.6733866617152917,21,reranked_political
3677,at://did:plc:6y2b4lqfw2j3oyycegx3ey7q/app.bsky.feed.post/3lvl3fgihis2p,bafyreibywajmzko37rex62ts622bc6arr25yxl4hi2572wsgmgbun4ssda,jeffjarvis.bsky.social,Jeff (Gutenberg Parenthesis) Jarvis,"Turns out Pepys was a prick.
The Confessions of Samuel Pepys by Guy de la Bédoyère review – journal of a predator
www.theguardian.com/books/2025/a...",,,,2,3,10,0,2025-08-04T11:23:39Z,,,,,,,,,False,jeffjarvis.bsky.social,1,0.185527637600899,0.814472317695618,0,0.983815252780914,0.0161847993731499,1,0.185527637600899,0.814472317695618,2,0.113250322639942,0.855152070522308,0.0315976105630398,0.42349213,0.023246882,0.5130944,0.3938786,0.02037963,0.007624879,0.1862393,0.14659832,0.34489664,0.31414655,0.17851025,0.43605614,0.23767124,0.42474672,Jeff (Gutenberg Parenthesis) Jarvis,"Visiting prof @Stony Brook; fellow @Montclair State; emeritus prof @CUNY's Newmark School of Journalism. Co-host: This Week in Google, AI Inside. Author of The Gutenberg Parenthesis, Magazine, The Web We Weave, available at: https://jeffjarvis.com ",138113.0,1897.0,11356.0,did:plc:6y2b4lqfw2j3oyycegx3ey7q,2025-08-04,0.0,2025-08-04 11:23:39+00:00,23.29321034138889,0.6385919976635841,15,0.00032625717765790845,0.1073552822222084,0.34368163968297816,22,chronological_political
2187,at://did:plc:wjatbj4hiinxfqaeixaw2bcp/app.bsky.feed.post/3lvkzbkdywz2f,bafyreidbrjvwmyyud76xs4kllrv7dbongluyn3gxewmy2lzpxlu4ra4vge,realtuckfrumper.bsky.social,Tuck | Political Roastmaster,"The incredible global collapse of fur production, explained in one chart https://twp.ai/4ioxpf",,,,3,2,9,0,2025-08-04T10:45:41Z,,,,,,,,,False,realtuckfrumper.bsky.social,1,0.0167469792068005,0.983253002166748,0,0.952069163322449,0.0479307919740677,1,0.0167469792068005,0.983253002166748,1,0.674694657325745,0.0713826864957809,0.253922611474991,0.02308189,0.0015640259,0.008747884,0.017777596,0.006474625,0.008841781,0.019344512,0.26881334,0.092282765,0.2688226,0.140886,0.2763869,0.12743711,0.42020884,Tuck | Political Roastmaster,Roasting politics since 2009. Snark-first commentary for the relentlessly online.,206295.0,143906.0,243667.0,did:plc:wjatbj4hiinxfqaeixaw2bcp,2025-08-04,1.0,2025-08-04 10:45:41+00:00,23.925988119166668,0.6308588783473121,14,0.0003045066991473812,0.16035317418367917,2.3382436716828714,23,reranked_political
3091,at://did:plc:2rrp7amblhg3xoly5n5huiqv/app.bsky.feed.post/3lvl3ev6tok2x,bafyreidttjgzixepwz5wmt4uzxmrzif24pvnz2g5bdvpoy5iwoejcu463m,donmoyn.bsky.social,Don Moynihan,US government now adopting Trump’s trick of not paying its employees. While paying others billions to do nothing until their resignation kicks in.,,,,0,13,33,0,2025-08-04T11:23:19Z,,,at://did:plc:ln72v57ivz2g46uqf4xxqiuh/app.bsky.feed.post/3lvl2w23klk2n,,,,,,False,donmoyn.bsky.social,1,0.0021535318810492,0.997846484184265,1,0.0188560169190168,0.981143951416016,1,0.0021535318810492,0.997846484184265,1,0.968187749385834,0.0044755670242011,0.0273366998881102,0.083999306,0.0019168854,0.02567133,0.0166845,0.004125261,0.015256803,0.007902941,0.10423975,0.092282765,0.31414655,0.16462365,0.062312808,0.12437489,0.08422154,Don Moynihan,"Policy Professor, Ford School, University of Michigan.
Irish immigrant. Administrative burdens guy.
Free newsletter, Can We Still Govern?: https://donmoynihan.substack.com",157019.0,2097.0,12397.0,did:plc:2rrp7amblhg3xoly5n5huiqv,2025-08-04,0.0,2025-08-04 11:23:19+00:00,23.298765896944445,0.6385236929460416,46,0.0010005220114842526,0.12205092250004664,-0.2286172375553263,24,chronological_political
3045,at://did:plc:u6mkbcgviwlbhuwqirmhcgu3/app.bsky.feed.post/3lvkzbqjqoh22,bafyreie7b6v2bmgmiqcripwyf73jnlqkajp2qxkmiw3isj3iqlicyox73m,elpais.com,EL PAÍS,"Aunque haya numerosos hombres que piensan continuamente en legiones y gladiadores, el papel de las mujeres en la investigación de la Antigua Roma es fundamental. Así lo explica la experta Isabel Rodà: “Me atrae la forma en que se organizaba la sociedad” ",,,,1,4,9,1,2025-08-04T10:45:47Z,,,,,,,,,False,elpais.com,0,0.993175089359283,0.0068249111063778,0,0.988236725330353,0.0117632783949375,0,0.993175089359283,0.0068249111063778,2,0.0113702937960625,0.971717536449432,0.0169122349470854,0.029799197,0.0013065338,0.016708933,0.009579378,0.019977676,0.005547084,0.008610667,0.59408754,0.48302728,0.3769541,0.26973513,0.5259975,0.23423527,0.70546687,EL PAÍS,"La mejor información en español. Con nuestra mirada puesta en España, Europa y América. Suscríbete: https://tinyurl.com/yfbk27jh

Aquí puedes consultar nuestra política de privacidad: https://tinyurl.com/32dnhzc9
",158782.0,123.0,12728.0,did:plc:u6mkbcgviwlbhuwqirmhcgu3,2025-08-04,1.0,2025-08-04 10:45:47+00:00,23.9243214525,0.6308791230264367,15,0.00032625717765790845,0.12342130300411036,2.6034719371212214,25,reranked_nonpolitical
2181,at://did:plc:wjatbj4hiinxfqaeixaw2bcp/app.bsky.feed.post/3lvl2cbu6dx25,bafyreibyxxijr6lyhefzstuvs7zhrxsmpjyvkgf4m6nso5duonwkzvlaz4,realtuckfrumper.bsky.social,Tuck | Political Roastmaster,Five Years After the Beirut Port Explosion—Justice in the Courts Will Not Be Enough for Survivors | Opinion https://twp.ai/4ioxsL,,,,1,2,8,1,2025-08-04T11:03:59Z,,,,,,,,,False,realtuckfrumper.bsky.social,1,0.0110075734555721,0.988992393016815,0,0.985625684261322,0.0143742868676782,1,0.0110075734555721,0.988992393016815,2,0.0446244217455387,0.947176933288574,0.0081986179575324,0.03357032,0.0018978119,0.011198899,0.018119188,0.009545447,0.01254427,0.017339287,0.18180253,0.5570789,0.19764169,0.065840356,0.34511116,0.13978578,0.29574555,Tuck | Political Roastmaster,Roasting politics since 2009. Snark-first commentary for the relentlessly online.,206295.0,143906.0,243667.0,did:plc:wjatbj4hiinxfqaeixaw2bcp,2025-08-04,1.0,2025-08-04 11:03:59+00:00,23.620988119166665,0.6345744944780902,12,0.0002610057421263268,0.16035317418367917,2.265746499913146,26,reranked_political
2562,at://did:plc:yazbevg3wkzp5llnzb44tqgh/app.bsky.feed.post/3lvl3du2ync2k,bafyreih6rpm7uh5vnwkbu4omfqk5mjt7vgpxfs7snyphaj5mmb2da3moqy,kyivindependent.com,The Kyiv Independent,"⚡️Ukraine confirms drone strike on fuel depot at Russia's Sochi airport. 

Videos posted to social media purported to show the view from a plane landing at the airport with the burning depot clearly visible.",,,,3,2,46,0,2025-08-04T11:22:47Z,,,,,,,,,False,kyivindependent.com,1,0.0076682101935148,0.992331743240356,0,0.982773423194885,0.0172265600413084,1,0.0076682101935148,0.992331743240356,2,0.008902559056878,0.973869144916534,0.0172282885760069,0.030741978,0.0019168854,0.009678889,0.012380436,0.0102854045,0.011793415,0.004747662,0.12580372,0.3298799,0.19469051,0.41405264,0.30333814,0.41697708,0.45454627,The Kyiv Independent,"Independent English-language journalism in Ukraine

Become a member: http://kyivindependent.com/membership/
One-time donation: https://kyivindependent.com/membership/?interval=onetime",181211.0,14.0,10124.0,did:plc:yazbevg3wkzp5llnzb44tqgh,2025-08-04,0.0,2025-08-04 11:22:47+00:00,23.307654785833332,0.6384144205940676,51,0.0011092744040368887,0.14085537238904816,1.1504277786131936,27,chronological_political
3495,at://did:plc:sv2ivxvf7fxchmo2xamo3wwx/app.bsky.feed.post/3lvl3pcj3yk2v,bafyreiajbd3qeytynrpktmkpb3chv6l2bpao5ti7sqe3hfdb23y4bvzsdy,eldiario.es,elDiario.es,Conde-Pumpido avisa al Senado de que deberá activar la renovación del Constitucional ante su salida,,,,0,1,3,0,2025-08-04T11:28:44Z,,,,,,,,,False,eldiario.es,1,0.0055118510499596,0.994488179683685,0,0.989268362522125,0.0107316076755524,1,0.0055118510499596,0.994488179683685,2,0.0082441298291087,0.980296492576599,0.0114593515172601,0.031331215,0.001039505,0.020643732,0.020168742,0.0035147965,0.005838364,0.010733845,0.05532101,0.09780297,0.19764169,0.048024524,0.08326544,0.10179639,0.31002498,elDiario.es,"Periodismo a pesar de todo. Hazte socio, hazte socia http://usuarios.eldiario.es/hazte_socio",143137.0,93.0,12237.0,did:plc:sv2ivxvf7fxchmo2xamo3wwx,2025-08-04,1.0,2025-08-04 11:28:44+00:00,23.208488119166667,0.6396345504185716,4,8.700191404210893e-05,0.11126043914360158,2.1760070888849508,28,reranked_political
3639,at://did:plc:qiz5bd6ierfiykcuvzmjaj4e/app.bsky.feed.post/3lvl3ckihik2s,bafyreibhptcor2vuc5ua7nvqqcihb4vlakdx7pngounn7trd4d7wpjrxre,bylinetimes.bsky.social,Byline Times,"🔴America's Judicial System is Going Off The Rails

Emil Bove is the most egregious example  yet of the Trump administration placing judges with no respect for the rule of law into positions where they are determining the law, argues Matt Bernardini

www.bylinesupplement.com/p/americas-j...",,,,0,3,15,0,2025-08-04T11:22:05Z,,,,,,,,,False,bylinetimes.bsky.social,1,0.0020675843115896,0.997932434082031,1,0.0196080934256315,0.980391919612885,1,0.0020675843115896,0.997932434082031,3,0.0922905951738358,0.0045141009613871,0.903195321559906,0.11357342,0.001964569,0.06739554,0.01620627,0.0065856185,0.00636914,0.0056323195,0.16059916,0.19173165,0.20355904,0.32584408,0.13196917,0.24111786,0.34367627,Byline Times,"The UK's only reader-funded, independent newspaper that truly sits outside of the established system.

Subscribe for exclusive content in the Byline Times monthly print edition: subscribe.bylinetimes.com

Visit our free daily news site: bylinetimes.com",138694.0,672.0,1899.0,did:plc:qiz5bd6ierfiykcuvzmjaj4e,2025-08-04,0.0,2025-08-04 11:22:05+00:00,23.3193214525,0.6382710290104348,18,0.00039150861318949017,0.10780689372127875,0.095935962341025,29,chronological_political
3497,at://did:plc:sv2ivxvf7fxchmo2xamo3wwx/app.bsky.feed.post/3lvkzds2tks2j,bafyreiei3a2f6zowmz3jk3hjqbknh7n7wn6xjn5mg24h5yrjrv4jzz2pjq,eldiario.es,elDiario.es,"El aviso del cura de Valdepeñas a los empresarios: “A los temporeros las horas extras se les pagan y se les da de alta”
www.eldiario.es/castilla-la-...",,,,21,90,236,23,2025-08-04T10:46:30Z,,,,,,,,,False,eldiario.es,0,0.993338108062744,0.0066619096323847,0,0.988764047622681,0.0112359756603837,0,0.993338108062744,0.0066619096323847,2,0.0094574857503175,0.973428666591644,0.017113883048296,0.019854378,0.0004720688,0.014238917,0.009562299,0.0045137387,0.0056118127,0.0035533744,0.21123351,0.4954017,0.25922137,0.2182394,0.5387309,0.269023,0.47185203,elDiario.es,"Periodismo a pesar de todo. Hazte socio, hazte socia http://usuarios.eldiario.es/hazte_socio",143137.0,93.0,12237.0,did:plc:sv2ivxvf7fxchmo2xamo3wwx,2025-08-04,1.0,2025-08-04 10:46:30+00:00,23.912377008055554,0.6310242289064795,370,0.008047677048895075,0.11126043914360158,2.5873599118102777,30,reranked_nonpolitical
80,at://did:plc:ln72v57ivz2g46uqf4xxqiuh/app.bsky.feed.post/3lvl2w23klk2n,bafyreifqwt7jm2rufljewbndmj72vesm2r2d4pupjsefoqn3qgpl7346su,npr.org,NPR,Seasonal employees counting on housing at Yosemite were asked to volunteer for the park while the government was unable to onboard them at the start of the summer.,,,,3,18,46,1,2025-08-04T11:15:04Z,,,,,,,,,False,npr.org,1,0.0173851195722818,0.982614874839783,0,0.98723840713501,0.0127615844830871,1,0.0173851195722818,0.982614874839783,2,0.0141191333532333,0.978743255138397,0.0071375323459506,0.008796243,0.00044345856,0.0074558756,0.009186547,0.0025713511,0.0061749537,0.0032142557,0.06434145,0.48796526,0.088146955,0.5621215,0.5134133,0.5581218,0.28628567,NPR,This is NPR 🎙️,926305.0,233.0,7405.0,did:plc:ln72v57ivz2g46uqf4xxqiuh,2025-08-04,0.0,2025-08-04 11:15:04+00:00,23.436265896944445,0.6368354773099181,68,0.0014790325387158518,0.7200171938835791,1.9728714363029978,31,reranked_political
3678,at://did:plc:6y2b4lqfw2j3oyycegx3ey7q/app.bsky.feed.post/3lvl35y7cmk2p,bafyreicpovf7bpcz4u36g4b35vl6bxmcu33jv42rcb4zqcjmw5ynuuunqa,jeffjarvis.bsky.social,Jeff (Gutenberg Parenthesis) Jarvis,"A few weeks, ago, I posted video of the Scheiß AfD Jodler (Shit AfD Yodellers) song ruining an interview with the fascist party head. Here's a feature about them. We need a Shit Donald Trump choir in DC. 
www.theguardian.com/world/2025/a...",,,,1,5,32,2,2025-08-04T11:19:29Z,,,,,,,,,False,jeffjarvis.bsky.social,1,0.0086164968088269,0.99138343334198,1,0.0208002794533968,0.979199707508087,1,0.0086164968088269,0.99138343334198,1,0.97441577911377,0.0108758267015219,0.0147084267809987,0.5972042,0.16960317,0.5362655,0.5865656,0.2831485,0.022853967,0.124132246,0.63283473,0.2230082,0.07007079,0.117999926,0.6576112,0.2393922,0.39307475,Jeff (Gutenberg Parenthesis) Jarvis,"Visiting prof @Stony Brook; fellow @Montclair State; emeritus prof @CUNY's Newmark School of Journalism. Co-host: This Week in Google, AI Inside. Author of The Gutenberg Parenthesis, Magazine, The Web We Weave, available at: https://jeffjarvis.com ",138113.0,1897.0,11356.0,did:plc:6y2b4lqfw2j3oyycegx3ey7q,2025-08-04,0.0,2025-08-04 11:19:29+00:00,23.36265478583333,0.6377387136144131,40,0.0008700191404210892,0.1073552822222084,-0.47976355167314505,32,chronological_political
2586,at://did:plc:mfrcz3kv7bsth54bkyrridp5/app.bsky.feed.post/3lvl2mdfff22g,bafyreie2vq4qdhhtfh2ljnacnvgyc2pvtwmv4ogeklmqekcmzyx6fpq45a,sundaedivine.bsky.social,𝕊𝕦𝕟𝕕𝕒𝕖 𝔾𝕦𝕣𝕝,Schumer has done a lot of good. But he won’t be around forever and we need to change and adapt.,,,,0,0,0,0,2025-08-04T11:09:36Z,at://did:plc:ysc5sotilwht5rf2nxjp67ko/app.bsky.feed.post/3lvkz6tbtrc2r,at://did:plc:mfrcz3kv7bsth54bkyrridp5/app.bsky.feed.post/3lvkydf563k2j,,,,,,,False,sundaedivine.bsky.social,1,0.0025406540371477,0.997459352016449,1,0.0602115392684937,0.939788460731506,1,0.0025406540371477,0.997459352016449,1,0.928163588047028,0.014974657446146,0.0568617358803749,0.040430736,0.0011539459,0.018516673,0.012892825,0.0058826595,0.007573096,0.005691297,0.86518395,0.6789799,0.13265374,0.09045299,0.08766961,0.38465413,0.8763964,𝕊𝕦𝕟𝕕𝕒𝕖 𝔾𝕦𝕣𝕝,"Laugh at the absurd, ponder the peculiar, and celebrate the sheer randomness of existence. DCist.",180472.0,9459.0,7797.0,did:plc:mfrcz3kv7bsth54bkyrridp5,2025-08-04,1.0,2025-08-04 11:09:36+00:00,23.527377008055556,0.6357192807613157,0,0.0,0.14028094743584163,1.9568206399441361,33,reranked_political
2172,at://did:plc:wjatbj4hiinxfqaeixaw2bcp/app.bsky.feed.post/3lvl35kc56b2z,bafyreid2qhheql5ie7md3ckldcjmbhr3cugg6jghxylrmcciqtrrnwxuha,realtuckfrumper.bsky.social,Tuck | Political Roastmaster,One state has always been a magnet for big-time sleazeballs — as the Epstein saga proves https://twp.ai/4ioxuE,,,,0,4,14,1,2025-08-04T11:19:13Z,,,,,,,,,False,realtuckfrumper.bsky.social,1,0.0032996325753629,0.996700346469879,1,0.0366452969610691,0.963354766368866,1,0.0032996325753629,0.996700346469879,3,0.0393636263906956,0.0106891430914402,0.949947118759155,0.22846605,0.006980896,0.11616662,0.114160895,0.024600167,0.009540852,0.09686191,0.08842566,0.20029442,0.08485947,0.1611895,0.11003077,0.10771486,0.22126094,Tuck | Political Roastmaster,Roasting politics since 2009. Snark-first commentary for the relentlessly online.,206295.0,143906.0,243667.0,did:plc:wjatbj4hiinxfqaeixaw2bcp,2025-08-04,0.0,2025-08-04 11:19:13+00:00,23.367099230277777,0.6376841422714477,19,0.0004132590917000174,0.16035317418367917,-0.31732032232261004,34,chronological_political
3044,at://did:plc:u6mkbcgviwlbhuwqirmhcgu3/app.bsky.feed.post/3lvl26ysfd42f,bafyreidkxpskb4cbqc7ax3hkwzalkcldmi4metkfkmaeqt6n2dp7b3am5m,elpais.com,EL PAÍS,"No se sabe todo acerca del impacto de los plásticos en la salud. Pero lo que se sabe no son buenas noticias. “Causan enfermedades, discapacidades y muerte prematura en todas las etapas de su ciclo de vida” ",,,,0,3,3,1,2025-08-04T11:02:08Z,,,,,,,,,False,elpais.com,0,0.993700623512268,0.0062993932515382,0,0.986485481262207,0.0135145420208573,0,0.993700623512268,0.0062993932515382,2,0.0201702248305082,0.965945422649384,0.0138843981549144,0.01847211,0.0011634827,0.013212911,0.010945748,0.0035147965,0.006647474,0.005189991,0.34428877,0.41094556,0.15779574,0.2219624,0.52780753,0.23767124,0.5071406,EL PAÍS,"La mejor información en español. Con nuestra mirada puesta en España, Europa y América. Suscríbete: https://tinyurl.com/yfbk27jh

Aquí puedes consultar nuestra política de privacidad: https://tinyurl.com/32dnhzc9
",158782.0,123.0,12728.0,did:plc:u6mkbcgviwlbhuwqirmhcgu3,2025-08-04,1.0,2025-08-04 11:02:08+00:00,23.6518214525,0.6341978798852127,7,0.0001522533495736906,0.12342130300411036,2.567949099245188,35,reranked_nonpolitical
346,at://did:plc:k4jt6heuiamymgi46yeuxtpt/app.bsky.feed.post/3lvl23oj7m42x,bafyreie7x7heu5axdm2tsbpfxrlkmrgsnstx7ooepkkywwqiwvvvwp4geq,propublica.org,ProPublica,"NEW: The IRS will allow churches across the country to endorse political candidates. Texas — with more than 200 megachurches — will be the epicenter for pastors and congregations to test out their new influence, one expert said.

With @fortworthreport.bsky.social & @texastribune.org",,,,31,52,116,20,2025-08-04T11:00:17Z,,,,,,,,,False,propublica.org,1,0.0020967677701264,0.997903227806091,0,0.990020275115967,0.0099797630682587,1,0.0020967677701264,0.997903227806091,2,0.0174301657825708,0.971498548984528,0.0110713010653853,0.015393426,0.00064373016,0.008253881,0.009681856,0.008694496,0.006045496,0.0043053334,0.21123351,0.17069851,0.15272859,0.45820457,0.18186516,0.57923037,0.4806,ProPublica,"Investigative journalism in the public interest. Headlines and (sometimes literal) receipts.

Send us tips: propublica.org/tips",595514.0,286.0,3277.0,did:plc:k4jt6heuiamymgi46yeuxtpt,2025-08-04,0.0,2025-08-04 11:00:17+00:00,23.682654785833332,0.6338214888099093,219,0.004763354793805464,0.46289323624333856,1.6619391233708898,36,reranked_political
879,at://did:plc:ck7aajho5ziqo6lrs64rm4oc/app.bsky.feed.post/3lvl355zlgf23,bafyreib6uuite7xxxb6mlh6cvpermucwajiaeikardjbehfdw54ndokvnu,nypost.com,New York Post ,‘The View’ co-host describes Harris interview as ‘microcosm of everything that’s wrong’ with Dem Party,,,,0,0,0,0,2025-08-04T11:19:01Z,,,,,,,,,False,nypost.com,1,0.0023870093282312,0.997612953186035,1,0.0800755172967911,0.919924437999725,1,0.0023870093282312,0.997612953186035,3,0.0147098787128925,0.0040838569402694,0.981206238269806,0.11202335,0.0019359589,0.05144889,0.020100424,0.016058605,0.007741391,0.010026119,0.26881334,0.092282765,0.09724766,0.057352178,0.16817981,0.0686341,0.3196519,New York Post ,,2660.0,4.0,52505.0,did:plc:ck7aajho5ziqo6lrs64rm4oc,2025-08-04,0.0,2025-08-04 11:19:01+00:00,23.37043256361111,0.6376432168287186,0,0.0,0.0020676189114064163,-0.5468234711136395,37,chronological_political
2562,at://did:plc:yazbevg3wkzp5llnzb44tqgh/app.bsky.feed.post/3lvl3du2ync2k,bafyreih6rpm7uh5vnwkbu4omfqk5mjt7vgpxfs7snyphaj5mmb2da3moqy,kyivindependent.com,The Kyiv Independent,"⚡️Ukraine confirms drone strike on fuel depot at Russia's Sochi airport. 

Videos posted to social media purported to show the view from a plane landing at the airport with the burning depot clearly visible.",,,,3,2,46,0,2025-08-04T11:22:47Z,,,,,,,,,False,kyivindependent.com,1,0.0076682101935148,0.992331743240356,0,0.982773423194885,0.0172265600413084,1,0.0076682101935148,0.992331743240356,2,0.008902559056878,0.973869144916534,0.0172282885760069,0.030741978,0.0019168854,0.009678889,0.012380436,0.0102854045,0.011793415,0.004747662,0.12580372,0.3298799,0.19469051,0.41405264,0.30333814,0.41697708,0.45454627,The Kyiv Independent,"Independent English-language journalism in Ukraine

Become a member: http://kyivindependent.com/membership/
One-time donation: https://kyivindependent.com/membership/?interval=onetime",181211.0,14.0,10124.0,did:plc:yazbevg3wkzp5llnzb44tqgh,2025-08-04,0.0,2025-08-04 11:22:47+00:00,23.307654785833332,0.6384144205940676,51,0.0011092744040368887,0.14085537238904816,1.1504277786131936,38,reranked_political
4039,at://did:plc:nzfau2n6k6p2maqox4crsdjg/app.bsky.feed.post/3lvl2zkg37k27,bafyreict2lxush4b7jr46mxf4yowjwl5xc43xhbovrmkdnf4stzunvvpz4,susielee.house.gov,Congresswoman Susie Lee,"I hike or bike on our local trails every chance I get, so I know how dangerous it can be when they hug busy roads and intersections.

After I secured a $1 million federal investment, we’re now one step closer to completing the Red Rock Legacy Trail.",,,,1,0,1,0,2025-08-04T11:17:00Z,,,,,,,,,False,susielee.house.gov,1,0.490721613168716,0.509278357028961,0,0.989954352378845,0.0100456662476063,1,0.490721613168716,0.509278357028961,2,0.01596999168396,0.977255880832672,0.0067741805687546,0.010492661,0.00068187714,0.007911879,0.009545219,0.0017019014,0.006641001,0.0028161597,0.8832873,0.79673636,0.09036188,0.55590534,0.8767884,0.5666529,0.85001093,Congresswoman Susie Lee,Proudly serving the folks in Nevada's 3rd District. Bipartisan Leader. Education Advocate. Mom to two great kids.,6886.0,3.0,479.0,did:plc:nzfau2n6k6p2maqox4crsdjg,2025-08-04,1.0,2025-08-04 11:17:00+00:00,23.40404367472222,0.6372306986854264,2,4.3500957021054466e-05,0.005352490159377663,3.3397974990073593,39,chronological_political
881,at://did:plc:ck7aajho5ziqo6lrs64rm4oc/app.bsky.feed.post/3lvl2524rte2e,bafyreichip5t76ask4kgc6bv2ptrtfhfxgltd2rl4f3xjew5lsmslooc3u,nypost.com,New York Post ,"Futuristic air-taxi firm Joby expands NYC, global footprint with $125M deal as it nears fed certification for passengers",,,,0,0,0,0,2025-08-04T11:01:03Z,,,,,,,,,False,nypost.com,0,0.991065680980682,0.0089342594146728,0,0.989391207695007,0.0106087941676378,0,0.991065680980682,0.0089342594146728,2,0.01302754227072,0.977275431156158,0.0096969697624445,0.008293601,0.0006079674,0.0068668723,0.010569996,0.0023863618,0.006440342,0.0048656166,0.08968788,0.13845752,0.08485947,0.23700446,0.22885571,0.24284612,0.52978563,New York Post ,,2660.0,4.0,52505.0,did:plc:ck7aajho5ziqo6lrs64rm4oc,2025-08-04,1.0,2025-08-04 11:01:03+00:00,23.669877008055554,0.6339774435844053,0,0.0,0.0020676189114064163,2.5066762513170273,40,reranked_nonpolitical
693,at://did:plc:f6avy7jkujdhusski5n64joj/app.bsky.feed.post/3lvl2lnhclk2j,bafyreibcsdc3w5m2s4yvubcw4bfukgmkk2jrgykq4vxkzhrxc5cqdpmbum,axios.com,Axios,"The biggest companies in history are spending a stunning amount of money to fuel the AI revolution.

This dynamic is basically powerful enough to cover for an economy that otherwise looks like it's weakening by the day.",,,,2,4,7,0,2025-08-04T11:09:13Z,,,,,,,,,False,axios.com,1,0.0035255537368357,0.99647444486618,0,0.87909460067749,0.120905429124832,1,0.0035255537368357,0.99647444486618,1,0.637847721576691,0.346104383468628,0.0160479452461004,0.011874928,0.0005555153,0.008766884,0.010330882,0.0019978844,0.0061166976,0.0033469545,0.09607936,0.17484002,0.21843931,0.28925973,0.07482638,0.47445315,0.25324148,Axios,"Smart Brevity worthy of people's time, attention and trust. 

Subscribe to our newsletters: https://trib.al/8haeaPt",122359.0,56.0,2376.0,did:plc:f6avy7jkujdhusski5n64joj,2025-08-04,0.0,2025-08-04 11:09:13+00:00,23.533765896944445,0.6356410843238822,13,0.000282756220636854,0.09510969262435251,1.0361627251858148,41,reranked_political
2584,at://did:plc:mfrcz3kv7bsth54bkyrridp5/app.bsky.feed.post/3lvl2z6far22g,bafyreifmchxdbzd3tk5kwwbi7wzohwxayxtlr2ezkffxroqqct6baitsme,sundaedivine.bsky.social,𝕊𝕦𝕟𝕕𝕒𝕖 𝔾𝕦𝕣𝕝,Mace for Governor: Because Indecision Deserves a Mansion.,,,,6,2,23,0,2025-08-04T11:16:46Z,,,at://did:plc:t6ubj2wlhc34awzcymh3qpur/app.bsky.feed.post/3lvkyzg34lc2y,,,,,,False,sundaedivine.bsky.social,1,0.0035635468084365,0.996436476707458,0,0.986253321170807,0.0137467421591282,1,0.0035635468084365,0.996436476707458,2,0.042688500136137,0.949662029743195,0.0076494850218296,0.054284602,0.00096797943,0.0279513,0.010177165,0.002034882,0.006977591,0.003921982,0.22748272,0.07715648,0.07524726,0.028460866,0.21249197,0.045988884,0.5389349,𝕊𝕦𝕟𝕕𝕒𝕖 𝔾𝕦𝕣𝕝,"Laugh at the absurd, ponder the peculiar, and celebrate the sheer randomness of existence. DCist.",180472.0,9459.0,7797.0,did:plc:mfrcz3kv7bsth54bkyrridp5,2025-08-04,0.0,2025-08-04 11:16:46+00:00,23.407932563611112,0.6371829865421655,31,0.0006742648338263442,0.14028094743584163,0.16819300805039003,42,chronological_political
197,at://did:plc:t6ubj2wlhc34awzcymh3qpur/app.bsky.feed.post/3lvl2jizu3k2y,bafyreigkze34dh3iuxzbwj44mxo2s5khndzqrqrk7vblk2fvikrb3xgwu4,ronfilipkowski.bsky.social,Ron Filipkowski,"On your list of stories, almost none of them cover the statement he made yesterday. Then, where are ABC, NBC, CBS, CNN, etc on your list? I see some small outlets & some local ones. I said almost no big national media companies did a story on what he said yesterday. Your post doesn’t show they did.",,,,1,0,2,0,2025-08-04T11:08:01Z,at://did:plc:u5n224ibhv7nbr3svbzy6yxx/app.bsky.feed.post/3lvl263wnrs2t,at://did:plc:t6ubj2wlhc34awzcymh3qpur/app.bsky.feed.post/3lvkwyqxj3s2y,,,,,,,False,ronfilipkowski.bsky.social,1,0.0023938855156302,0.997606039047241,1,0.0223052799701691,0.977694749832153,1,0.0023938855156302,0.997606039047241,2,0.0781149417161942,0.773593962192535,0.148291051387787,0.017089844,0.0005173683,0.011160898,0.009733095,0.0012394282,0.0059937127,0.002875137,0.64861864,0.061830983,0.8431843,0.5179171,0.45798835,0.3863918,0.4806,Ron Filipkowski,"Editor in Chief, MeidasNews. Former Fed & State Prosecutor, Marine, Attorney. Switched parties from R to D in 2020. MeidasPlus.com/subscribe",730319.0,411.0,4381.0,did:plc:t6ubj2wlhc34awzcymh3qpur,2025-08-04,0.0,2025-08-04 11:08:01+00:00,23.553765896944444,0.6353963576548803,3,6.52514355315817e-05,0.5676772089321137,0.9358362080660992,43,reranked_political
2058,at://did:plc:z6rujpf4u56jfie7aqic2nfg/app.bsky.feed.post/3lvl2ysrcg22k,bafyreic6p5g6debnffmk4iuz5hkoaqnuhaojtu6fqs7ntjtuf2yafaacle,carlquintanilla.bsky.social,Carl Quintanilla,"“.. This is the kind of thing you would only expect to see in a banana republic,” Ms. Yellen said.

@bencasselman.bsky.social 
www.nytimes.com/2025/08/03/b...",,,,8,49,156,5,2025-08-04T11:16:36Z,,,,,,,,,False,carlquintanilla.bsky.social,1,0.0038286624476313,0.996171295642853,0,0.980873882770538,0.0191261749714613,1,0.0038286624476313,0.996171295642853,3,0.0250210519880056,0.0243761800229549,0.95060271024704,0.20032968,0.0032806396,0.1342682,0.026180768,0.026408968,0.0066151097,0.011323617,0.24385335,0.20909274,0.19469051,0.07850564,0.24157341,0.10771486,0.40223753,Carl Quintanilla,"25+ years at @CNBC and @NBCNews / @WSJ alum / board member, NY City Center & Sag Harbor Cinema",217680.0,762.0,7834.0,did:plc:z6rujpf4u56jfie7aqic2nfg,2025-08-04,0.0,2025-08-04 11:16:36+00:00,23.41071034138889,0.6371489086270412,218,0.004741604315294937,0.16920273858456716,0.24356100999334282,44,chronological_political
287,at://did:plc:vovinwhtulbsx4mwfw26r5ni/app.bsky.feed.post/3lvkzlkjwqq2k,bafyreihalolpzpyt3r3gexx6ernss2oywj324lp5ti6rweqm3bcrcetq7u,theguardian.com,The Guardian,Ten lessons the Aztecs can teach us today | Sebastian Purcell,,,,4,8,27,11,2025-08-04T10:51:16Z,,,,,,,,,False,theguardian.com,0,0.98645544052124,0.0135445343330503,0,0.990425646305084,0.009574381634593,0,0.98645544052124,0.0135445343330503,2,0.0119701446965337,0.975959837436676,0.0120700476691127,0.04290464,0.0031661987,0.014390918,0.022286616,0.0233943,0.010938995,0.026067909,0.17470887,0.14640224,0.21247254,0.029496768,0.17157565,0.052624613,0.57248515,The Guardian,"The need for independent journalism has never been greater. Become a Guardian supporter https://support.theguardian.com

🇺🇸 Guardian US https://bsky.app/profile/us.theguardian.com
🇦🇺 Guardian Australia https://bsky.app/profile/australia.theguardian.com",705381.0,227.0,25390.0,did:plc:vovinwhtulbsx4mwfw26r5ni,2025-08-04,1.0,2025-08-04 10:51:16+00:00,23.83293256361111,0.6319902013219812,50,0.0010875239255263617,0.5482928929875073,2.3895049478008117,45,reranked_nonpolitical
529,at://did:plc:i3fhjvvkbmirhyu4aeihhrnv/app.bsky.feed.post/3lvkzhkjkin2k,bafyreiee5ajjzdke2zn2r75s6yho3u7q5biesofztyyomzvgszlg4nwcgi,wsj.com,The Wall Street Journal,Heard on the Street: The magnitude of the cash savings from this summer’s federal tax legislation is starting to take shape at America’s biggest companies.,,,,5,2,9,0,2025-08-04T10:49:03Z,,,,,,,,,False,wsj.com,1,0.0022737069521099,0.997726261615753,0,0.989835321903229,0.0101646771654487,1,0.0022737069521099,0.997726261615753,3,0.119205608963966,0.0192394070327282,0.86155503988266,0.008105109,0.00049829483,0.0069333725,0.009750174,0.0016649036,0.006168481,0.0043053334,0.112080015,0.07972708,0.069049425,0.27556258,0.18884712,0.33735287,0.47621834,The Wall Street Journal,"Since 1889 🗞️

Sign up for our newsletters and alerts: http://wsj.com/newsletters
Got a tip? http://wsj.com/tips
Follow our staff: https://go.bsky.app/2ppWqxF",152609.0,54.0,5933.0,did:plc:i3fhjvvkbmirhyu4aeihhrnv,2025-08-04,0.0,2025-08-04 10:49:03+00:00,23.869877008055553,0.631540806575866,16,0.0003480076561684357,0.11862302798903074,0.8592715391197779,46,reranked_political
154,at://did:plc:4lx6nur5wstwoc4wtgj56kyu/app.bsky.feed.post/3lvl2y2mn3t2v,bafyreidvrq3j74s7fphnuzaxq3qb5ypcgbx7su2jyppypfvpeu2moursfu,gtconway.bsky.social,George Conway  👊🇺🇸🔥,"It just occurred to me that if Matt Gaetz had become attorney general, he not only would have reviewed all of the Epstein files personally, but he also would have produced all of them because he would have thought they showed Trump in a positive light",,,,5,7,99,1,2025-08-04T11:16:09Z,,,,,,,,,False,gtconway.bsky.social,1,0.0022385867778211,0.997761368751526,1,0.0334806032478809,0.966519355773926,1,0.0022385867778211,0.997761368751526,1,0.979646801948547,0.0057204472832381,0.0146326404064894,0.019351736,0.00057935715,0.0116169015,0.010962827,0.002090379,0.0062396824,0.0052784565,0.20325422,0.088600785,0.30763942,0.3724099,0.15477188,0.33385172,0.37803748,George Conway  👊🇺🇸🔥,"Recovering lawyer who may relapse at any moment. President, Society for the Rule of Law.  Co-host of the “George Conway Explains It All” podcast on The Bulwark.",795137.0,1609.0,5793.0,did:plc:4lx6nur5wstwoc4wtgj56kyu,2025-08-04,0.0,2025-08-04 11:16:09+00:00,23.41821034138889,0.6370569073596173,112,0.00243605359317905,0.6180602625409637,0.7252879508519823,47,chronological_political
744,at://did:plc:uewxgchsjy4kmtu7dcxa77us/app.bsky.feed.post/3lvl24ja4rs23,bafyreickh5kfxqqqbwo3argdezds4keradethixs6ndzphaem6e24n3aca,bloomberg.com,Bloomberg News,Tesla approved an interim stock award of 96 million shares for CEO Elon Musk.,,,,8,3,11,4,2025-08-04T11:00:45Z,,,,,,,,,False,bloomberg.com,1,0.347991973161697,0.652008056640625,0,0.983681976795197,0.0163180492818356,1,0.347991973161697,0.652008056640625,2,0.0784736350178719,0.894716739654541,0.026809636503458,0.0055604824,0.00054359436,0.006182868,0.010057608,0.001313424,0.006375613,0.004187379,0.05978799,0.080593176,0.11831558,0.2108423,0.16480204,0.2359522,0.36318657,Bloomberg News,"The first word in business news. 
Newsletters: http://bloom.bg/newsletters 
Podcasts: http://bloom.bg/podcasts 
The Big Take podcast: http://trib.al/jtoXfuT",417504.0,193.0,11179.0,did:plc:uewxgchsjy4kmtu7dcxa77us,2025-08-04,0.0,2025-08-04 11:00:45+00:00,23.674877008055557,0.633916413233612,26,0.000565512441273708,0.3245260022510618,0.8103404153714138,48,reranked_political
3332,at://did:plc:6m7rbdgaz5vyg4bnbefi7kh6/app.bsky.feed.post/3lvl2wfccc22q,bafyreieol5vbmbdge7k5c2szrqu7eynugumamw2fxjhpjl6chumdfximzu,crampell.bsky.social,Catherine Rampell,How Cuts to the Insurance Marketplaces Will Harm Entrepreneurs open.substack.com/pub/briefing...,,,,4,14,34,4,2025-08-04T11:15:14Z,,,,,,,,,False,crampell.bsky.social,1,0.0081148548051714,0.991885185241699,1,0.15614826977253,0.843851745128632,1,0.0081148548051714,0.991885185241699,3,0.0843274295330048,0.0080570010468363,0.907615482807159,0.02402467,0.0010108948,0.009564889,0.012551232,0.0029043318,0.008919456,0.005337434,0.10591581,0.078865536,0.50412613,0.02743055,0.19664992,0.05456208,0.31002498,Catherine Rampell,"MSNBC anchor/co-host of The Weekend: Primetime, Sat/Sun 6-9pm. Fmrly WashPost syndicated op-ed columnist. Currently on leave. 
Econ, politics, immigration, tax, etc. + occasional theater nerdery.",148426.0,627.0,2860.0,did:plc:6m7rbdgaz5vyg4bnbefi7kh6,2025-08-04,0.0,2025-08-04 11:15:14+00:00,23.433488119166665,0.6368695384611657,56,0.001218026796589525,0.11537158065579275,-0.4583973414708994,49,chronological_political
662,at://did:plc:j4eroku3volozvv6ljsnnfec/app.bsky.feed.post/3lvl2dje3qa2x,bafyreiarfpvsohujqann632rg26npwlodet6pokzbie54p6jaiyfvqtqoi,huffpost.com,HuffPost,Here's what doctors want you to know about it.,,,,0,1,0,0,2025-08-04T11:04:40Z,,,,,,,,,False,huffpost.com,0,0.844400823116302,0.155599176883698,0,0.986260712146759,0.0137392962351441,0,0.844400823116302,0.155599176883698,2,0.0114826373755932,0.978836476802826,0.0096808653324842,0.01646154,0.00078201294,0.008709883,0.0113215,0.00258985,0.0069905366,0.0065464657,0.18180253,0.36009043,0.2464868,0.075921565,0.34511116,0.06759904,0.57437617,HuffPost,"🚨 Fair and fearless reporting since 2005. 🚨

Got a scoop? Send us news tips here 🔍 https://tips.huffpost.com",103336.0,53.0,13155.0,did:plc:j4eroku3volozvv6ljsnnfec,2025-08-04,1.0,2025-08-04 11:04:40+00:00,23.609599230277777,0.6347136609272074,1,2.1750478510527233e-05,0.0803231082064261,2.1370809125686647,50,reranked_nonpolitical
154,at://did:plc:4lx6nur5wstwoc4wtgj56kyu/app.bsky.feed.post/3lvl2y2mn3t2v,bafyreidvrq3j74s7fphnuzaxq3qb5ypcgbx7su2jyppypfvpeu2moursfu,gtconway.bsky.social,George Conway  👊🇺🇸🔥,"It just occurred to me that if Matt Gaetz had become attorney general, he not only would have reviewed all of the Epstein files personally, but he also would have produced all of them because he would have thought they showed Trump in a positive light",,,,5,7,99,1,2025-08-04T11:16:09Z,,,,,,,,,False,gtconway.bsky.social,1,0.0022385867778211,0.997761368751526,1,0.0334806032478809,0.966519355773926,1,0.0022385867778211,0.997761368751526,1,0.979646801948547,0.0057204472832381,0.0146326404064894,0.019351736,0.00057935715,0.0116169015,0.010962827,0.002090379,0.0062396824,0.0052784565,0.20325422,0.088600785,0.30763942,0.3724099,0.15477188,0.33385172,0.37803748,George Conway  👊🇺🇸🔥,"Recovering lawyer who may relapse at any moment. President, Society for the Rule of Law.  Co-host of the “George Conway Explains It All” podcast on The Bulwark.",795137.0,1609.0,5793.0,did:plc:4lx6nur5wstwoc4wtgj56kyu,2025-08-04,0.0,2025-08-04 11:16:09+00:00,23.41821034138889,0.6370569073596173,112,0.00243605359317905,0.6180602625409637,0.7252879508519823,51,reranked_political
785,at://did:plc:nyxviptfyic2lvuorkr5yy3y/app.bsky.feed.post/3lvl2wdaffz2e,bafyreih6ux4ehwo5vyuey5nnak5rsasmk6iokjkt5ewefo5wvsvb3pdhri,theatlantic.com,The Atlantic,"Donald Trump is posting threats about the most powerful weapons on Earth to salve his ego and improve his political fortunes, @radiofreetom.bsky.social argues.",,,,0,10,22,0,2025-08-04T11:15:11Z,,,,,,,,,False,theatlantic.com,1,0.0022476087324321,0.997752368450165,1,0.0202386155724525,0.979761362075806,1,0.0022476087324321,0.997752368450165,1,0.981814801692963,0.0060219801962375,0.0121632162481546,0.21508642,0.0062942505,0.06459839,0.03990845,0.027614836,0.06863153,0.022411324,0.09925278,0.10406223,0.067021005,0.13093169,0.19664992,0.18591215,0.087843955,The Atlantic,"Exploring the American idea through ambitious, essential reporting and storytelling. Of no party or clique since 1857. http://theatlantic.com",341291.0,76.0,5357.0,did:plc:nyxviptfyic2lvuorkr5yy3y,2025-08-04,0.0,2025-08-04 11:15:11+00:00,23.4343214525,0.636859319924511,32,0.0006960153123368715,0.26528561123789746,-0.16686477365318908,52,chronological_political
33,at://did:plc:eclio37ymobqex2ncko63h4r/app.bsky.feed.post/3lvl2n5lkna2a,bafyreigucu4e6e64ww2ierkpyw5b2ljj34nj3ecs72l6o44rxeax3iqq6m,nytimes.com,The New York Times,"News Analysis: Six weeks after Prime Minister Benjamin Netanyahu of Israel scored a victory over Iran, he is now pushing for an “all or nothing” deal with Hamas. But he has not made the compromises needed to make it happen.",,,,8,6,14,0,2025-08-04T11:10:05Z,,,,,,,,,False,nytimes.com,1,0.0021747446153312,0.997825264930725,1,0.0818469300866127,0.918153047561646,1,0.0021747446153312,0.997825264930725,1,0.509860217571259,0.0965952649712563,0.393544524908066,0.027324399,0.0012874603,0.010476895,0.012448754,0.012842959,0.008945347,0.008197826,0.13270746,0.10744284,0.2065252,0.2182394,0.08856578,0.28672606,0.54630834,The New York Times,"In-depth, independent reporting to better understand the world, now on Bluesky. News tips? Share them here: http://nyti.ms/2FVHq9v",1224052.0,52.0,19757.0,did:plc:eclio37ymobqex2ncko63h4r,2025-08-04,0.0,2025-08-04 11:10:05+00:00,23.519321452499998,0.6358178899807995,28,0.0006090133982947625,0.951456039001822,0.7154650726567585,53,reranked_political
617,at://did:plc:d2jith367s6ybc3ldsusgdae/app.bsky.feed.post/3lvl2w4zj5u2h,bafyreidvasld77ovfd7phbjr3xwp7hvuxwe25zw5ms2sbleaylu5sskmey,latimes.com,Los Angeles Times,Proposed ballot measure could force a citywide vote on L.A. 2028 Olympic venues,,,,0,2,2,0,2025-08-04T11:15:05Z,,,,,,,,,False,latimes.com,1,0.0039414172060787,0.996058583259583,0,0.981606483459473,0.0183934699743986,1,0.0039414172060787,0.996058583259583,2,0.0111060915514827,0.980520963668823,0.008372962474823,0.010995304,0.0006914139,0.006771872,0.010706633,0.0027563404,0.0072882893,0.0050130594,0.0821989,0.06570701,0.27846095,0.13423505,0.11621268,0.16657384,0.24860854,Los Angeles Times,"News from a West Coast perspective.

Read more at www.latimes.com.",78395.0,143.0,8266.0,did:plc:d2jith367s6ybc3ldsusgdae,2025-08-04,0.0,2025-08-04 11:15:05+00:00,23.435988119166666,0.6368388833430664,4,8.700191404210893e-05,0.06093646036079173,0.4227825162410927,54,chronological_political
34,at://did:plc:eclio37ymobqex2ncko63h4r/app.bsky.feed.post/3lvkzsg3i7c2z,bafyreibt2jvcrtk7xtvqwaxhunwpngz3fnihidu736w7cx7a67loj3vzmi,nytimes.com,The New York Times,"Rahaman Ali, who gave up a boxing career of his own to become a chauffeur, sparring partner, gofer, chef and cornerman for his older brother, Muhammad Ali, died on Friday. He was 82.",,,,1,8,77,2,2025-08-04T10:55:06Z,,,,,,,,,False,nytimes.com,0,0.992582321166992,0.007417706772685,0,0.985449135303497,0.0145508525893092,0,0.992582321166992,0.007417706772685,2,0.019570991396904,0.971394777297974,0.0090341893956065,0.027560094,0.0018310547,0.011122898,0.019553876,0.01274247,0.013165667,0.01480327,0.391925,0.5269498,0.25602922,0.48173836,0.6698963,0.41873327,0.76485974,The New York Times,"In-depth, independent reporting to better understand the world, now on Bluesky. News tips? Share them here: http://nyti.ms/2FVHq9v",1224052.0,52.0,19757.0,did:plc:eclio37ymobqex2ncko63h4r,2025-08-04,0.0,2025-08-04 10:55:06+00:00,23.769043674722223,0.6327681049292717,88,0.0019140421089263965,0.951456039001822,1.846418264127555,55,reranked_nonpolitical
2582,at://did:plc:mfrcz3kv7bsth54bkyrridp5/app.bsky.feed.post/3lvl3hmsodk2g,bafyreifisulgxuvt3uznq4flj7zhclovlzabo2jfzlwahn34aoapq2bk7a,sundaedivine.bsky.social,𝕊𝕦𝕟𝕕𝕒𝕖 𝔾𝕦𝕣𝕝,She only needs to beat Alan Wilson in the primary. The race itself won’t be competitive (I suspect).,,,,0,0,1,0,2025-08-04T11:24:51Z,at://did:plc:uqyv3jv3ivxd36uh2id64yso/app.bsky.feed.post/3lvl365vbuc2r,at://did:plc:mfrcz3kv7bsth54bkyrridp5/app.bsky.feed.post/3lvl2z6far22g,,,,,,,False,sundaedivine.bsky.social,1,0.0029214445967227,0.997078537940979,0,0.883396327495575,0.116603620350361,1,0.0029214445967227,0.997078537940979,1,0.903357923030853,0.0182164087891579,0.0784256681799889,0.14429577,0.0039482117,0.029493837,0.020920247,0.04332388,0.060119797,0.01686747,0.4624895,0.115081154,0.09724766,0.16462365,0.3689464,0.36561543,0.67523175,𝕊𝕦𝕟𝕕𝕒𝕖 𝔾𝕦𝕣𝕝,"Laugh at the absurd, ponder the peculiar, and celebrate the sheer randomness of existence. DCist.",180472.0,9459.0,7797.0,did:plc:mfrcz3kv7bsth54bkyrridp5,2025-08-04,0.0,2025-08-04 11:24:51+00:00,23.27321034138889,0.638837955152255,1,2.1750478510527233e-05,0.14028094743584163,0.6928530794490095,56,reranked_political
80,at://did:plc:ln72v57ivz2g46uqf4xxqiuh/app.bsky.feed.post/3lvl2w23klk2n,bafyreifqwt7jm2rufljewbndmj72vesm2r2d4pupjsefoqn3qgpl7346su,npr.org,NPR,Seasonal employees counting on housing at Yosemite were asked to volunteer for the park while the government was unable to onboard them at the start of the summer.,,,,3,18,46,1,2025-08-04T11:15:04Z,,,,,,,,,False,npr.org,1,0.0173851195722818,0.982614874839783,0,0.98723840713501,0.0127615844830871,1,0.0173851195722818,0.982614874839783,2,0.0141191333532333,0.978743255138397,0.0071375323459506,0.008796243,0.00044345856,0.0074558756,0.009186547,0.0025713511,0.0061749537,0.0032142557,0.06434145,0.48796526,0.088146955,0.5621215,0.5134133,0.5581218,0.28628567,NPR,This is NPR 🎙️,926305.0,233.0,7405.0,did:plc:ln72v57ivz2g46uqf4xxqiuh,2025-08-04,0.0,2025-08-04 11:15:04+00:00,23.436265896944445,0.6368354773099181,68,0.0014790325387158518,0.7200171938835791,1.9728714363029978,57,chronological_political
2591,at://did:plc:mfrcz3kv7bsth54bkyrridp5/app.bsky.feed.post/3lvkz3zkjwk2g,bafyreib2t3xqxc5puejtzrnnaxsolm52zyh2me5elmrnpymclrutuoq4qq,sundaedivine.bsky.social,𝕊𝕦𝕟𝕕𝕒𝕖 𝔾𝕦𝕣𝕝,It’s not specifically about Schumer. It’s about the need to move our party forward. You should read it and let me know what you think.,,,,2,0,0,0,2025-08-04T10:42:34Z,at://did:plc:s6tpozozxim7qdbp5jcpqfjy/app.bsky.feed.post/3lvkyl5zlg22p,at://did:plc:mfrcz3kv7bsth54bkyrridp5/app.bsky.feed.post/3lvkydf563k2j,,,,,,,False,sundaedivine.bsky.social,1,0.0021634171716868,0.997836649417877,0,0.984849095344543,0.0151508497074246,1,0.0021634171716868,0.997836649417877,1,0.982857823371887,0.007934489287436,0.0092076901346445,0.017718147,0.0006055832,0.010362893,0.010365041,0.0022013725,0.0066668927,0.004187379,0.8740744,0.4579505,0.5196182,0.12764418,0.08068237,0.3390547,0.863324,𝕊𝕦𝕟𝕕𝕒𝕖 𝔾𝕦𝕣𝕝,"Laugh at the absurd, ponder the peculiar, and celebrate the sheer randomness of existence. DCist.",180472.0,9459.0,7797.0,did:plc:mfrcz3kv7bsth54bkyrridp5,2025-08-04,0.0,2025-08-04 10:42:34+00:00,23.97793256361111,0.630228244719442,2,4.3500957021054466e-05,0.14028094743584163,0.6832190968481334,58,reranked_political
2174,at://did:plc:wjatbj4hiinxfqaeixaw2bcp/app.bsky.feed.post/3lvl2tvp2aj2z,bafyreihcdl4nhhtzpt6c5chwilwrex5erb7sdpezivit3kya74s2db7jc4,realtuckfrumper.bsky.social,Tuck | Political Roastmaster,'Irked' Trump's tantrum may have plunged US economy into decades of chaos: CNN analyst https://twp.ai/4ioxtj,,,,3,10,25,2,2025-08-04T11:13:50Z,,,,,,,,,False,realtuckfrumper.bsky.social,1,0.0023798008915036,0.997620165348053,1,0.0194088723510504,0.980591118335724,1,0.0023798008915036,0.997620165348053,1,0.895350694656372,0.0100843068212271,0.0945649743080139,0.14082454,0.0025939941,0.06687108,0.028640235,0.011321344,0.009281937,0.015216109,0.112080015,0.10564658,0.23068507,0.13093169,0.15477188,0.10771486,0.23483545,Tuck | Political Roastmaster,Roasting politics since 2009. Snark-first commentary for the relentlessly online.,206295.0,143906.0,243667.0,did:plc:wjatbj4hiinxfqaeixaw2bcp,2025-08-04,0.0,2025-08-04 11:13:50+00:00,23.456821452499998,0.6365834814015302,40,0.0008700191404210892,0.16035317418367917,-0.29906857612386883,59,chronological_political
3298,at://did:plc:xwqgusybtrpm67tcwqdfmzvy/app.bsky.feed.post/3lvl252qtgj27,bafyreiaiojxzlmisq2qaubzlpgw2bjt2bapsadhvzk6a3dqy4hystlwcxu,ign.com,IGN,"Songbird takes flight as a new collectible statue from Cyberpunk 2077: Phantom Liberty.

This 9” premium figure from @darkhorse.com captures the NUSA netrunner in all her glory.

Pre-order now on the IGN Store: bit.ly/4oeQrwp",,,,0,0,6,0,2025-08-04T11:01:04Z,,,,,,,,,False,ign.com,0,0.993612587451935,0.0063873948529362,0,0.98867654800415,0.0113234771415591,0,0.993612587451935,0.0063873948529362,2,0.0117812221869826,0.974913716316223,0.0133050577715039,0.0103670005,0.00086307526,0.0072658747,0.011628932,0.002293867,0.007094103,0.0065759546,0.36807743,0.3651927,0.16288075,0.3876362,0.53325564,0.46655142,0.7793784,IGN,"We're all about movies, TV, and video games!

ign.com",150039.0,98.0,5087.0,did:plc:xwqgusybtrpm67tcwqdfmzvy,2025-08-04,0.0,2025-08-04 11:01:04+00:00,23.66959923027778,0.6339808343317256,6,0.0001305028710631634,0.11662536610846139,1.1653546811505957,60,reranked_nonpolitical
2563,at://did:plc:yazbevg3wkzp5llnzb44tqgh/app.bsky.feed.post/3lvkzbvcdwk2c,bafyreibwpo4shirnaqucemdvm3hdf34pqrueqf2csd6ucjaops2brafoe4,kyivindependent.com,The Kyiv Independent,"⚡️5 Russian fighter jets hit by Ukraine's SBU in drone operation in occupied Crimea, one destroyed.

Drones operated by Ukraine's Security Service (SBU) targeted an airfield in the city of Saky.",,,,0,27,216,1,2025-08-04T10:45:56Z,,,,,,,,,False,kyivindependent.com,1,0.0056311325170099,0.994368851184845,0,0.980456352233887,0.0195436142385006,1,0.0056311325170099,0.994368851184845,2,0.0089867431670427,0.968297243118286,0.0227160174399614,0.036870047,0.002231598,0.010628895,0.01128734,0.009619443,0.02371728,0.003921982,0.23565333,0.18324682,0.08485947,0.2182394,0.43171954,0.2359522,0.36811587,The Kyiv Independent,"Independent English-language journalism in Ukraine

Become a member: http://kyivindependent.com/membership/
One-time donation: https://kyivindependent.com/membership/?interval=onetime",181211.0,14.0,10124.0,did:plc:yazbevg3wkzp5llnzb44tqgh,2025-08-04,0.0,2025-08-04 10:45:56+00:00,23.921821452499998,0.6309094912632522,244,0.005307116756568644,0.14085537238904816,0.6615087750907095,61,reranked_political
2176,at://did:plc:wjatbj4hiinxfqaeixaw2bcp/app.bsky.feed.post/3lvl2to27gy2o,bafyreiekfzdwbm4caoub2bv2mwbfjrrex43civhww6mjg5dammzjb7tbcy,realtuckfrumper.bsky.social,Tuck | Political Roastmaster,"At least 68 migrants killed, many missing after boat sinks off Yemen https://twp.ai/4ioxtn",,,,0,2,2,0,2025-08-04T11:13:42Z,,,,,,,,,False,realtuckfrumper.bsky.social,1,0.0804693847894669,0.91953057050705,0,0.975784063339233,0.0242158677428961,1,0.0804693847894669,0.91953057050705,2,0.114284105598927,0.798992574214935,0.0867233276367188,0.24282593,0.013672344,0.033790905,0.07449899,0.25140062,0.27243137,0.023826776,0.41594055,0.60941595,0.09371912,0.1509712,0.38824895,0.18266469,0.43749967,Tuck | Political Roastmaster,Roasting politics since 2009. Snark-first commentary for the relentlessly online.,206295.0,143906.0,243667.0,did:plc:wjatbj4hiinxfqaeixaw2bcp,2025-08-04,0.0,2025-08-04 11:13:42+00:00,23.45904367472222,0.6365562445740183,4,8.700191404210893e-05,0.16035317418367917,0.3927553059552007,62,chronological_political
508,at://did:plc:azsiq6a5plbpa7ekw7pdrnum/app.bsky.feed.post/3lvl2apygfg25,bafyreieeyxs6tdnavdmn5pr7dhs4prhy4o5hibzagtxpar43ckcsgj42ie,businessinsider.com,Business Insider,"From new caps on student-loan borrowing to higher monthly payments, Sen. Elizabeth Warren said Trump's policies could benefit private lenders.",,,,1,1,0,0,2025-08-04T11:03:06Z,,,,,,,,,False,businessinsider.com,1,0.0021623689681291,0.997837603092194,1,0.0618726126849651,0.938127458095551,1,0.0021623689681291,0.997837603092194,1,0.95972740650177,0.0040759439580142,0.0361966788768768,0.00823077,0.00042200089,0.0072658747,0.009562299,0.0019146391,0.0060131317,0.0037450502,0.13270746,0.5570789,0.262419,0.39891782,0.19273871,0.58105433,0.55559266,Business Insider,"What you want to know about business. 
Follow us on Facebook, Instagram, and YouTube. 
Visit our homepage for the day's top stories.
businessinsider.com


",38152.0,43.0,12567.0,did:plc:azsiq6a5plbpa7ekw7pdrnum,2025-08-04,0.0,2025-08-04 11:03:06+00:00,23.63571034138889,0.6343946416008948,2,4.3500957021054466e-05,0.029655562672172026,0.6263793549955929,63,reranked_political
2177,at://did:plc:wjatbj4hiinxfqaeixaw2bcp/app.bsky.feed.post/3lvl2tiiezp25,bafyreic3yiulcs5ssxkrzl7lqgxr44lbvbakb7qd7rqykheg527q7yoaz4,realtuckfrumper.bsky.social,Tuck | Political Roastmaster,Hundreds of demonstrators in Tunisia march in support of Palestinians in Gaza https://twp.ai/4ioxtq,,,,0,1,2,1,2025-08-04T11:13:36Z,,,,,,,,,False,realtuckfrumper.bsky.social,1,0.015571135096252,0.984428882598877,0,0.98533570766449,0.0146643798798323,1,0.015571135096252,0.984428882598877,2,0.136738866567612,0.775657296180725,0.0876038372516632,0.055768944,0.0041389465,0.01302291,0.027273865,0.035074018,0.02371728,0.028780859,0.59408754,0.59204465,0.07212726,0.10077741,0.4668769,0.12294967,0.5611979,Tuck | Political Roastmaster,Roasting politics since 2009. Snark-first commentary for the relentlessly online.,206295.0,143906.0,243667.0,did:plc:wjatbj4hiinxfqaeixaw2bcp,2025-08-04,0.0,2025-08-04 11:13:36+00:00,23.46071034138889,0.6365358177181503,4,8.700191404210893e-05,0.16035317418367917,0.3718893856296681,64,chronological_political
655,at://did:plc:j4eroku3volozvv6ljsnnfec/app.bsky.feed.post/3lvl2dnxsrf2d,bafyreibzxmlmq6mqq4l7kgql6zo375eqsrezi36gmeiudg3lh53qyldjue,huffpost.com,HuffPost,"Supportive athletic sneakers, sandals and everyday shoes that can help relieve foot pain.",,,,0,0,1,0,2025-08-04T11:04:44Z,,,,,,,,,False,huffpost.com,0,0.994415998458862,0.0055839722044765,0,0.988048732280731,0.0119513031095266,0,0.994415998458862,0.0055839722044765,2,0.0080880895256996,0.979868352413177,0.0120435664430261,0.013948329,0.0008010864,0.0076838774,0.011560614,0.0029413297,0.006912862,0.011854411,0.24385335,0.62783974,0.107718125,0.34983587,0.56462914,0.46987742,0.7006543,HuffPost,"🚨 Fair and fearless reporting since 2005. 🚨

Got a scoop? Send us news tips here 🔍 https://tips.huffpost.com",103336.0,53.0,13155.0,did:plc:j4eroku3volozvv6ljsnnfec,2025-08-04,0.0,2025-08-04 11:04:44+00:00,23.608488119166665,0.6347272397756824,1,2.1750478510527233e-05,0.0803231082064261,1.0929359497188988,65,reranked_nonpolitical
2349,at://did:plc:2lofqead276vtc5647ye7sl2/app.bsky.feed.post/3lvl3kixqhc2l,bafyreibbggc6uyjjsoxr5puhlco3pydislytcewwxcnfihp2mk3vzaru4u,aljazeera.com,Al Jazeera English,"Thousands of supporters of former Brazilian President Jair Bolsonaro have demonstrated on the streets of several Brazilian cities. 

They called for the removal of President Lula da Silva and Supreme Court Justice Alexandre de Moraes, labelling them as threats to democracy.",,,,0,0,0,0,2025-08-04T11:26:29Z,,,,,,,,,False,aljazeera.com,1,0.0022199221421033,0.99778014421463,1,0.233578711748123,0.766421258449554,1,0.0022199221421033,0.99778014421463,1,0.781509041786194,0.188712373375893,0.029778590425849,0.09481675,0.0019550323,0.034011267,0.010757872,0.011247349,0.012803185,0.0030373242,0.4717001,0.36009043,0.2688226,0.38576332,0.5608956,0.43752956,0.49380696,Al Jazeera English,Your story. Your platform. Follow our live coverage on aljazeera.com,191217.0,20.0,5818.0,did:plc:2lofqead276vtc5647ye7sl2,2025-08-04,0.0,2025-08-04 11:26:29+00:00,23.245988119166665,0.6391728828517269,0,0.0,0.14863303961744387,0.46667843889309923,66,reranked_political
1766,at://did:plc:eernnjdfxx77jg5atshgmfga/app.bsky.feed.post/3lvl2sh7epa2q,bafyreiahyafucqyrprx4cnm76va2wbnw7xebnx6qqmo633stlcny5xvxy4,davidsirota.com,David Sirota,"🚨LEVER TIME: Trump’s billionaire private equity booster is on tape saying his “dream” is to get access to Americans’ retirement savings — now Trump may let private equity loot your 401k.

We air the billionaire’s audio on LEVER TIME — you gotta hear it👇

www.levernews.com/your-401-k-i...",,,,0,11,17,1,2025-08-04T11:13:01Z,,,,,,,,,True,sifill.bsky.social,1,0.0022228304296731,0.997777163982391,1,0.0191373880952597,0.980862617492676,1,0.0022228304296731,0.997777163982391,1,0.985974013805389,0.0065451483242213,0.0074807880446314,0.08953904,0.0016212463,0.039444692,0.013849284,0.0037737815,0.007081157,0.0047181738,0.4578922,0.10248567,0.13265374,0.19985782,0.34038833,0.16179405,0.27199435,,,,,,,2025-08-04,0.0,2025-08-04 11:13:01+00:00,23.470432563611112,0.6364166741225309,29,0.0006307638768052897,,,67,chronological_political
617,at://did:plc:d2jith367s6ybc3ldsusgdae/app.bsky.feed.post/3lvl2w4zj5u2h,bafyreidvasld77ovfd7phbjr3xwp7hvuxwe25zw5ms2sbleaylu5sskmey,latimes.com,Los Angeles Times,Proposed ballot measure could force a citywide vote on L.A. 2028 Olympic venues,,,,0,2,2,0,2025-08-04T11:15:05Z,,,,,,,,,False,latimes.com,1,0.0039414172060787,0.996058583259583,0,0.981606483459473,0.0183934699743986,1,0.0039414172060787,0.996058583259583,2,0.0111060915514827,0.980520963668823,0.008372962474823,0.010995304,0.0006914139,0.006771872,0.010706633,0.0027563404,0.0072882893,0.0050130594,0.0821989,0.06570701,0.27846095,0.13423505,0.11621268,0.16657384,0.24860854,Los Angeles Times,"News from a West Coast perspective.

Read more at www.latimes.com.",78395.0,143.0,8266.0,did:plc:d2jith367s6ybc3ldsusgdae,2025-08-04,0.0,2025-08-04 11:15:05+00:00,23.435988119166666,0.6368388833430664,4,8.700191404210893e-05,0.06093646036079173,0.4227825162410927,68,reranked_political
33,at://did:plc:eclio37ymobqex2ncko63h4r/app.bsky.feed.post/3lvl2n5lkna2a,bafyreigucu4e6e64ww2ierkpyw5b2ljj34nj3ecs72l6o44rxeax3iqq6m,nytimes.com,The New York Times,"News Analysis: Six weeks after Prime Minister Benjamin Netanyahu of Israel scored a victory over Iran, he is now pushing for an “all or nothing” deal with Hamas. But he has not made the compromises needed to make it happen.",,,,8,6,14,0,2025-08-04T11:10:05Z,,,,,,,,,False,nytimes.com,1,0.0021747446153312,0.997825264930725,1,0.0818469300866127,0.918153047561646,1,0.0021747446153312,0.997825264930725,1,0.509860217571259,0.0965952649712563,0.393544524908066,0.027324399,0.0012874603,0.010476895,0.012448754,0.012842959,0.008945347,0.008197826,0.13270746,0.10744284,0.2065252,0.2182394,0.08856578,0.28672606,0.54630834,The New York Times,"In-depth, independent reporting to better understand the world, now on Bluesky. News tips? Share them here: http://nyti.ms/2FVHq9v",1224052.0,52.0,19757.0,did:plc:eclio37ymobqex2ncko63h4r,2025-08-04,0.0,2025-08-04 11:10:05+00:00,23.519321452499998,0.6358178899807995,28,0.0006090133982947625,0.951456039001822,0.7154650726567585,69,chronological_political
527,at://did:plc:i3fhjvvkbmirhyu4aeihhrnv/app.bsky.feed.post/3lvl2waix5q2q,bafyreicth3dtdfp3fevegfoy2xxkhi4qeqa2ce4fex7xqlk4xplpamkmyy,wsj.com,The Wall Street Journal,Tesla’s board approved a compensation package consisting of 96 million shares of restricted stock to Chief Executive Elon Musk after earlier pay packages were struck down by a judge.,,,,0,0,0,1,2025-08-04T11:15:08Z,,,,,,,,,False,wsj.com,0,0.806318461894989,0.193681553006172,0,0.93581485748291,0.0641851052641869,0,0.806318461894989,0.193681553006172,2,0.102586500346661,0.873661875724792,0.0237516108900309,0.014702292,0.0005054474,0.0094128875,0.010040528,0.001415168,0.00704232,0.0035681187,0.084673434,0.094721004,0.037945352,0.40080667,0.29427764,0.3716564,0.4290737,The Wall Street Journal,"Since 1889 🗞️

Sign up for our newsletters and alerts: http://wsj.com/newsletters
Got a tip? http://wsj.com/tips
Follow our staff: https://go.bsky.app/2ppWqxF",152609.0,54.0,5933.0,did:plc:i3fhjvvkbmirhyu4aeihhrnv,2025-08-04,0.0,2025-08-04 11:15:08+00:00,23.435154785833333,0.6368491015518121,1,2.1750478510527233e-05,0.11862302798903074,1.065196422988807,70,reranked_nonpolitical
577,at://did:plc:mhzk3blh4pfxo3fqh2meowbb/app.bsky.feed.post/3lvl23iwboi26,bafyreifyetgfo4rd7c2wv5qqgjtfzbrrswntvdtirbvjoqqcgw5zjf52vq,economist.com,The Economist,"Europe’s hard right, like America’s, has come to loathe renewable energy. It is unreliable, they say, and too expensive. Now parties on the centre-right are saying things that sound increasingly similar econ.st/4799H8q

Illustration: Mark Harris",,,,0,0,3,0,2025-08-04T11:00:11Z,,,,,,,,,False,economist.com,1,0.0023180556017905,0.997681975364685,1,0.0208266358822584,0.979173421859741,1,0.0023180556017905,0.997681975364685,3,0.294179737567902,0.0037532590795308,0.702066957950592,0.022728346,0.0006580353,0.013706914,0.00995513,0.0048097214,0.006097279,0.00302258,0.21934268,0.15846217,0.34037396,0.36672845,0.14817277,0.42136982,0.38804084,The Economist,News and analysis with a global perspective. We’re here to help you understand the world around you. Subscribe here: https://econ.st/4fAeu4q,101394.0,91.0,2865.0,did:plc:mhzk3blh4pfxo3fqh2meowbb,2025-08-04,0.0,2025-08-04 11:00:11+00:00,23.6843214525,0.6338011497113484,3,6.52514355315817e-05,0.07881359094103088,0.41079338579972025,71,reranked_political
2586,at://did:plc:mfrcz3kv7bsth54bkyrridp5/app.bsky.feed.post/3lvl2mdfff22g,bafyreie2vq4qdhhtfh2ljnacnvgyc2pvtwmv4ogeklmqekcmzyx6fpq45a,sundaedivine.bsky.social,𝕊𝕦𝕟𝕕𝕒𝕖 𝔾𝕦𝕣𝕝,Schumer has done a lot of good. But he won’t be around forever and we need to change and adapt.,,,,0,0,0,0,2025-08-04T11:09:36Z,at://did:plc:ysc5sotilwht5rf2nxjp67ko/app.bsky.feed.post/3lvkz6tbtrc2r,at://did:plc:mfrcz3kv7bsth54bkyrridp5/app.bsky.feed.post/3lvkydf563k2j,,,,,,,False,sundaedivine.bsky.social,1,0.0025406540371477,0.997459352016449,1,0.0602115392684937,0.939788460731506,1,0.0025406540371477,0.997459352016449,1,0.928163588047028,0.014974657446146,0.0568617358803749,0.040430736,0.0011539459,0.018516673,0.012892825,0.0058826595,0.007573096,0.005691297,0.86518395,0.6789799,0.13265374,0.09045299,0.08766961,0.38465413,0.8763964,𝕊𝕦𝕟𝕕𝕒𝕖 𝔾𝕦𝕣𝕝,"Laugh at the absurd, ponder the peculiar, and celebrate the sheer randomness of existence. DCist.",180472.0,9459.0,7797.0,did:plc:mfrcz3kv7bsth54bkyrridp5,2025-08-04,1.0,2025-08-04 11:09:36+00:00,23.527377008055556,0.6357192807613157,0,0.0,0.14028094743584163,1.9568206399441361,72,chronological_political
601,at://did:plc:jbvnehrrdqoulco4rf5gxg5r/app.bsky.feed.post/3lvkzjjw7ne24,bafyreiaokxmxdziexellepsnfuipg2bpmruyxbqqpdnfjqkw7qcliki5uu,reuters.com,Reuters,Kurdish-led SDF says it clashed with government forces in northern Syria reut.rs/46zY2zo,,,,1,2,6,0,2025-08-04T10:50:08Z,,,,,,,,,False,reuters.com,1,0.004208184313029,0.995791792869568,0,0.950675427913666,0.0493246018886566,1,0.004208184313029,0.995791792869568,2,0.0141844358295202,0.95309853553772,0.0327170118689537,0.07054565,0.0037956238,0.014314918,0.028230323,0.04332388,0.035458352,0.029252676,0.29001275,0.2707453,0.09036188,0.09045299,0.29427764,0.13204911,0.42474672,Reuters,,272224.0,143.0,27580.0,did:plc:jbvnehrrdqoulco4rf5gxg5r,2025-08-04,0.0,2025-08-04 10:50:08+00:00,23.8518214525,0.6317603956489777,9,0.00019575430659474509,0.21159980847319557,0.39717004089374763,73,reranked_political
693,at://did:plc:f6avy7jkujdhusski5n64joj/app.bsky.feed.post/3lvl2lnhclk2j,bafyreibcsdc3w5m2s4yvubcw4bfukgmkk2jrgykq4vxkzhrxc5cqdpmbum,axios.com,Axios,"The biggest companies in history are spending a stunning amount of money to fuel the AI revolution.

This dynamic is basically powerful enough to cover for an economy that otherwise looks like it's weakening by the day.",,,,2,4,7,0,2025-08-04T11:09:13Z,,,,,,,,,False,axios.com,1,0.0035255537368357,0.99647444486618,0,0.87909460067749,0.120905429124832,1,0.0035255537368357,0.99647444486618,1,0.637847721576691,0.346104383468628,0.0160479452461004,0.011874928,0.0005555153,0.008766884,0.010330882,0.0019978844,0.0061166976,0.0033469545,0.09607936,0.17484002,0.21843931,0.28925973,0.07482638,0.47445315,0.25324148,Axios,"Smart Brevity worthy of people's time, attention and trust. 

Subscribe to our newsletters: https://trib.al/8haeaPt",122359.0,56.0,2376.0,did:plc:f6avy7jkujdhusski5n64joj,2025-08-04,0.0,2025-08-04 11:09:13+00:00,23.533765896944445,0.6356410843238822,13,0.000282756220636854,0.09510969262435251,1.0361627251858148,74,chronological_political
699,at://did:plc:2w45zyhuklwihpdc7oj3mi63/app.bsky.feed.post/3lvkzjjomg72w,bafyreif3rsgio7hzwy2vjbuaku5eo3t4gwvyfojcvaj2rdcl3opxpstytq,forbes.com,Forbes,"The facility will be built in the Hai Phong, about 100 kilometers east of Hanoi. Its where unit VinFast manufactures electric vehicles.",,,,0,2,2,0,2025-08-04T10:50:08Z,,,,,,,,,False,forbes.com,0,0.991557836532593,0.0084422258660197,0,0.989174842834473,0.0108251962810755,0,0.991557836532593,0.0084422258660197,2,0.0097420495003461,0.9807208776474,0.0095370532944798,0.0049950094,0.00053167343,0.005807616,0.009297565,0.0012486777,0.0064079775,0.0027571826,0.05866315,0.06570701,0.088146955,0.3276721,0.1853292,0.45658422,0.36318657,Forbes,,50988.0,49.0,3647.0,did:plc:2w45zyhuklwihpdc7oj3mi63,2025-08-04,0.0,2025-08-04 10:50:08+00:00,23.8518214525,0.6317603956489777,4,8.700191404210893e-05,0.03963298987022194,1.0178972274908604,75,reranked_nonpolitical
2176,at://did:plc:wjatbj4hiinxfqaeixaw2bcp/app.bsky.feed.post/3lvl2to27gy2o,bafyreiekfzdwbm4caoub2bv2mwbfjrrex43civhww6mjg5dammzjb7tbcy,realtuckfrumper.bsky.social,Tuck | Political Roastmaster,"At least 68 migrants killed, many missing after boat sinks off Yemen https://twp.ai/4ioxtn",,,,0,2,2,0,2025-08-04T11:13:42Z,,,,,,,,,False,realtuckfrumper.bsky.social,1,0.0804693847894669,0.91953057050705,0,0.975784063339233,0.0242158677428961,1,0.0804693847894669,0.91953057050705,2,0.114284105598927,0.798992574214935,0.0867233276367188,0.24282593,0.013672344,0.033790905,0.07449899,0.25140062,0.27243137,0.023826776,0.41594055,0.60941595,0.09371912,0.1509712,0.38824895,0.18266469,0.43749967,Tuck | Political Roastmaster,Roasting politics since 2009. Snark-first commentary for the relentlessly online.,206295.0,143906.0,243667.0,did:plc:wjatbj4hiinxfqaeixaw2bcp,2025-08-04,0.0,2025-08-04 11:13:42+00:00,23.45904367472222,0.6365562445740183,4,8.700191404210893e-05,0.16035317418367917,0.3927553059552007,76,reranked_political
197,at://did:plc:t6ubj2wlhc34awzcymh3qpur/app.bsky.feed.post/3lvl2jizu3k2y,bafyreigkze34dh3iuxzbwj44mxo2s5khndzqrqrk7vblk2fvikrb3xgwu4,ronfilipkowski.bsky.social,Ron Filipkowski,"On your list of stories, almost none of them cover the statement he made yesterday. Then, where are ABC, NBC, CBS, CNN, etc on your list? I see some small outlets & some local ones. I said almost no big national media companies did a story on what he said yesterday. Your post doesn’t show they did.",,,,1,0,2,0,2025-08-04T11:08:01Z,at://did:plc:u5n224ibhv7nbr3svbzy6yxx/app.bsky.feed.post/3lvl263wnrs2t,at://did:plc:t6ubj2wlhc34awzcymh3qpur/app.bsky.feed.post/3lvkwyqxj3s2y,,,,,,,False,ronfilipkowski.bsky.social,1,0.0023938855156302,0.997606039047241,1,0.0223052799701691,0.977694749832153,1,0.0023938855156302,0.997606039047241,2,0.0781149417161942,0.773593962192535,0.148291051387787,0.017089844,0.0005173683,0.011160898,0.009733095,0.0012394282,0.0059937127,0.002875137,0.64861864,0.061830983,0.8431843,0.5179171,0.45798835,0.3863918,0.4806,Ron Filipkowski,"Editor in Chief, MeidasNews. Former Fed & State Prosecutor, Marine, Attorney. Switched parties from R to D in 2020. MeidasPlus.com/subscribe",730319.0,411.0,4381.0,did:plc:t6ubj2wlhc34awzcymh3qpur,2025-08-04,0.0,2025-08-04 11:08:01+00:00,23.553765896944444,0.6353963576548803,3,6.52514355315817e-05,0.5676772089321137,0.9358362080660992,77,chronological_political
2177,at://did:plc:wjatbj4hiinxfqaeixaw2bcp/app.bsky.feed.post/3lvl2tiiezp25,bafyreic3yiulcs5ssxkrzl7lqgxr44lbvbakb7qd7rqykheg527q7yoaz4,realtuckfrumper.bsky.social,Tuck | Political Roastmaster,Hundreds of demonstrators in Tunisia march in support of Palestinians in Gaza https://twp.ai/4ioxtq,,,,0,1,2,1,2025-08-04T11:13:36Z,,,,,,,,,False,realtuckfrumper.bsky.social,1,0.015571135096252,0.984428882598877,0,0.98533570766449,0.0146643798798323,1,0.015571135096252,0.984428882598877,2,0.136738866567612,0.775657296180725,0.0876038372516632,0.055768944,0.0041389465,0.01302291,0.027273865,0.035074018,0.02371728,0.028780859,0.59408754,0.59204465,0.07212726,0.10077741,0.4668769,0.12294967,0.5611979,Tuck | Political Roastmaster,Roasting politics since 2009. Snark-first commentary for the relentlessly online.,206295.0,143906.0,243667.0,did:plc:wjatbj4hiinxfqaeixaw2bcp,2025-08-04,0.0,2025-08-04 11:13:36+00:00,23.46071034138889,0.6365358177181503,4,8.700191404210893e-05,0.16035317418367917,0.3718893856296681,78,reranked_political
880,at://did:plc:ck7aajho5ziqo6lrs64rm4oc/app.bsky.feed.post/3lvl2jdaviw2j,bafyreihvhy5ytddb27y3yheu5fjhhmzslhxpghrgp76dgfbugcq3czfi5u,nypost.com,New York Post ,Nancy Mace launches campaign for South Carolina governor,,,,0,0,0,1,2025-08-04T11:07:55Z,,,,,,,,,False,nypost.com,1,0.002880087820813,0.997119903564453,0,0.982781589031219,0.0172183755785227,1,0.002880087820813,0.997119903564453,2,0.158186912536621,0.81355893611908,0.02825409732759,0.0143253105,0.0011491776,0.00813988,0.013883443,0.0054756827,0.007922632,0.010733845,0.18180253,0.15442306,0.10421379,0.028460866,0.16144137,0.053591017,0.5444606,New York Post ,,2660.0,4.0,52505.0,did:plc:ck7aajho5ziqo6lrs64rm4oc,2025-08-04,0.0,2025-08-04 11:07:55+00:00,23.55543256361111,0.6353759680193573,1,2.1750478510527233e-05,0.0020676189114064163,0.09676281918956048,79,chronological_political
658,at://did:plc:j4eroku3volozvv6ljsnnfec/app.bsky.feed.post/3lvl2dmkyd62k,bafyreigkksbpgwd5k45myt5hpkozjvfxgfive6kshvyap3se5flo4vc2o4,huffpost.com,HuffPost,"Plus, some temperature-lowering recommendations from a vet.",,,,0,2,1,0,2025-08-04T11:04:43Z,,,,,,,,,False,huffpost.com,0,0.990741908550262,0.0092580616474151,0,0.98758453130722,0.0124154919758439,0,0.990741908550262,0.0092580616474151,2,0.009588748216629,0.97918438911438,0.0112268542870879,0.011749268,0.0006055832,0.00815888,0.009476901,0.0014984132,0.0062849927,0.0035091415,0.76378906,0.70425045,0.35692835,0.33501413,0.74935216,0.40995964,0.8483057,HuffPost,"🚨 Fair and fearless reporting since 2005. 🚨

Got a scoop? Send us news tips here 🔍 https://tips.huffpost.com",103336.0,53.0,13155.0,did:plc:j4eroku3volozvv6ljsnnfec,2025-08-04,0.0,2025-08-04 11:04:43+00:00,23.608765896944444,0.6347238450363294,3,6.52514355315817e-05,0.0803231082064261,0.9994894063962424,80,reranked_nonpolitical
3677,at://did:plc:6y2b4lqfw2j3oyycegx3ey7q/app.bsky.feed.post/3lvl3fgihis2p,bafyreibywajmzko37rex62ts622bc6arr25yxl4hi2572wsgmgbun4ssda,jeffjarvis.bsky.social,Jeff (Gutenberg Parenthesis) Jarvis,"Turns out Pepys was a prick.
The Confessions of Samuel Pepys by Guy de la Bédoyère review – journal of a predator
www.theguardian.com/books/2025/a...",,,,2,3,10,0,2025-08-04T11:23:39Z,,,,,,,,,False,jeffjarvis.bsky.social,1,0.185527637600899,0.814472317695618,0,0.983815252780914,0.0161847993731499,1,0.185527637600899,0.814472317695618,2,0.113250322639942,0.855152070522308,0.0315976105630398,0.42349213,0.023246882,0.5130944,0.3938786,0.02037963,0.007624879,0.1862393,0.14659832,0.34489664,0.31414655,0.17851025,0.43605614,0.23767124,0.42474672,Jeff (Gutenberg Parenthesis) Jarvis,"Visiting prof @Stony Brook; fellow @Montclair State; emeritus prof @CUNY's Newmark School of Journalism. Co-host: This Week in Google, AI Inside. Author of The Gutenberg Parenthesis, Magazine, The Web We Weave, available at: https://jeffjarvis.com ",138113.0,1897.0,11356.0,did:plc:6y2b4lqfw2j3oyycegx3ey7q,2025-08-04,0.0,2025-08-04 11:23:39+00:00,23.29321034138889,0.6385919976635841,15,0.00032625717765790845,0.1073552822222084,0.34368163968297816,81,reranked_political
2180,at://did:plc:wjatbj4hiinxfqaeixaw2bcp/app.bsky.feed.post/3lvl2ig2eq52s,bafyreig5f2b6w2f47gb5dp5qsptdpqlkonx4jkjile4mtncdgxsjl6knmm,realtuckfrumper.bsky.social,Tuck | Political Roastmaster,'Beyond the valley of madness': Rick Wilson says Trump is filling Wall St. with dread https://twp.ai/4ioxvB,,,,3,4,10,0,2025-08-04T11:07:24Z,,,,,,,,,False,realtuckfrumper.bsky.social,1,0.0025558148045092,0.997444152832031,1,0.0219102390110493,0.978089690208435,1,0.0025558148045092,0.997444152832031,3,0.140850156545639,0.0069846818223595,0.852165222167969,0.25462922,0.006752014,0.16809943,0.08419759,0.03223813,0.013579931,0.04079962,0.3395551,0.10744284,0.08704651,0.059745956,0.25015506,0.05456208,0.29574555,Tuck | Political Roastmaster,Roasting politics since 2009. Snark-first commentary for the relentlessly online.,206295.0,143906.0,243667.0,did:plc:wjatbj4hiinxfqaeixaw2bcp,2025-08-04,0.0,2025-08-04 11:07:24+00:00,23.56404367472222,0.6352706319919872,17,0.00036975813467896295,0.16035317418367917,-0.5292024814694913,82,chronological_political
2588,at://did:plc:mfrcz3kv7bsth54bkyrridp5/app.bsky.feed.post/3lvl2hmsq4k2g,bafyreibwtkp3m33nq7a2uj6xnhsxtmdl3yeppwnlenh4wcylewm6creoby,sundaedivine.bsky.social,𝕊𝕦𝕟𝕕𝕒𝕖 𝔾𝕦𝕣𝕝,Biden had a very strong team.,,,,1,0,1,0,2025-08-04T11:06:58Z,at://did:plc:heefh5ff66rqmzu2otzau7ng/app.bsky.feed.post/3lvkzr3mhac2b,at://did:plc:mfrcz3kv7bsth54bkyrridp5/app.bsky.feed.post/3lvkydf563k2j,,,,,,,False,sundaedivine.bsky.social,1,0.0027856817469,0.997214376926422,0,0.916089534759521,0.0839104726910591,1,0.0027856817469,0.997214376926422,3,0.217958182096481,0.0183470472693443,0.763694822788239,0.014953613,0.0010299683,0.009393888,0.012585391,0.0032003147,0.0067769317,0.008669644,0.5851888,0.12279678,0.25284275,0.06957339,0.20850179,0.11142057,0.75792956,𝕊𝕦𝕟𝕕𝕒𝕖 𝔾𝕦𝕣𝕝,"Laugh at the absurd, ponder the peculiar, and celebrate the sheer randomness of existence. DCist.",180472.0,9459.0,7797.0,did:plc:mfrcz3kv7bsth54bkyrridp5,2025-08-04,0.0,2025-08-04 11:06:58+00:00,23.571265896944443,0.6351822991119291,2,4.3500957021054466e-05,0.14028094743584163,0.3273962652044935,83,reranked_political
2588,at://did:plc:mfrcz3kv7bsth54bkyrridp5/app.bsky.feed.post/3lvl2hmsq4k2g,bafyreibwtkp3m33nq7a2uj6xnhsxtmdl3yeppwnlenh4wcylewm6creoby,sundaedivine.bsky.social,𝕊𝕦𝕟𝕕𝕒𝕖 𝔾𝕦𝕣𝕝,Biden had a very strong team.,,,,1,0,1,0,2025-08-04T11:06:58Z,at://did:plc:heefh5ff66rqmzu2otzau7ng/app.bsky.feed.post/3lvkzr3mhac2b,at://did:plc:mfrcz3kv7bsth54bkyrridp5/app.bsky.feed.post/3lvkydf563k2j,,,,,,,False,sundaedivine.bsky.social,1,0.0027856817469,0.997214376926422,0,0.916089534759521,0.0839104726910591,1,0.0027856817469,0.997214376926422,3,0.217958182096481,0.0183470472693443,0.763694822788239,0.014953613,0.0010299683,0.009393888,0.012585391,0.0032003147,0.0067769317,0.008669644,0.5851888,0.12279678,0.25284275,0.06957339,0.20850179,0.11142057,0.75792956,𝕊𝕦𝕟𝕕𝕒𝕖 𝔾𝕦𝕣𝕝,"Laugh at the absurd, ponder the peculiar, and celebrate the sheer randomness of existence. DCist.",180472.0,9459.0,7797.0,did:plc:mfrcz3kv7bsth54bkyrridp5,2025-08-04,0.0,2025-08-04 11:06:58+00:00,23.571265896944443,0.6351822991119291,2,4.3500957021054466e-05,0.14028094743584163,0.3273962652044935,84,chronological_political
286,at://did:plc:vovinwhtulbsx4mwfw26r5ni/app.bsky.feed.post/3lvl27dffyc2n,bafyreihu7trmvmxqhpfrnomnrqn2in3qescpn64rbif6hovzn2lryeigle,theguardian.com,The Guardian,"Want to keep up with sport stories from the Guardian? We now have a dedicated Guardian Sport Bluesky account. Follow us at 
@sport.theguardian.com",,,,2,5,10,0,2025-08-04T11:02:22Z,,,at://did:plc:z3t2ll64zqmjdr5hrx3odj4k/app.bsky.feed.post/3lvl2455tpf2z,,,,,,False,theguardian.com,0,0.982025921344757,0.0179740414023399,0,0.990437209606171,0.00956273637712,0,0.982025921344757,0.0179740414023399,2,0.0079680029302835,0.978433310985565,0.0135986022651196,0.02072494,0.0016117096,0.009355888,0.017162729,0.007214582,0.0100069,0.020288147,0.29854265,0.17903334,0.56522816,0.16462365,0.34038833,0.26199755,0.64870656,The Guardian,"The need for independent journalism has never been greater. Become a Guardian supporter https://support.theguardian.com

🇺🇸 Guardian US https://bsky.app/profile/us.theguardian.com
🇦🇺 Guardian Australia https://bsky.app/profile/australia.theguardian.com",705381.0,227.0,25390.0,did:plc:vovinwhtulbsx4mwfw26r5ni,2025-08-04,0.0,2025-08-04 11:02:22+00:00,23.64793256361111,0.6342453685042433,17,0.00036975813467896295,0.5482928929875073,0.9456747928338399,85,reranked_nonpolitical
1221,at://did:plc:qvzn322kmcvd7xtnips5xaun/app.bsky.feed.post/3lvkzi4yq4k2a,bafyreigvggtq7br5gtwt4qqk63shulhxookkdonfuz3cgfj7phjpfhodkm,scalzi.com,John Scalzi,"Good morning, folks. The sky says trans rights are human rights.",,,,4,89,710,1,2025-08-04T10:49:22Z,,,,,,,,,False,scalzi.com,1,0.0051225796341896,0.994877398014069,0,0.98721581697464,0.0127841029316187,1,0.0051225796341896,0.994877398014069,1,0.986298203468323,0.0064074080437421,0.0072943931445479,0.09394901,0.0036811829,0.01961243,0.027547138,0.09245483,0.008893564,0.020759964,0.76877266,0.5163421,0.058122616,0.054982804,0.27196422,0.08032035,0.80015343,John Scalzi,"I enjoy pie.

Social Media FAQ: https://whatever.scalzi.com/2025/04/16/the-official-john-scalzi-social-media-faq/",327759.0,660.0,18748.0,did:plc:qvzn322kmcvd7xtnips5xaun,2025-08-04,0.0,2025-08-04 10:49:22+00:00,23.864599230277776,0.6316049862554165,804,0.017487384722463896,0.25476718300137424,0.3212399770976185,86,reranked_political
657,at://did:plc:j4eroku3volozvv6ljsnnfec/app.bsky.feed.post/3lvl2dmx4qx24,bafyreiangtsfqowv64wf36f6qsa5sl2lxkxcw6wwic6nv7eimjyaxggi2q,huffpost.com,HuffPost,Experts weigh in on Robert F. Kennedy Jr.’s controversial take and what they want everyone to know.,,,,0,1,1,1,2025-08-04T11:04:44Z,,,,,,,,,False,huffpost.com,1,0.0025086137466132,0.997491359710693,1,0.422191739082336,0.577808260917664,1,0.0025086137466132,0.997491359710693,2,0.0078065418638289,0.975238680839539,0.0169548261910677,0.02048268,0.00058174133,0.012300906,0.010211324,0.0023216156,0.0064532873,0.0041578906,0.36807743,0.3150431,0.39601225,0.09593137,0.08501253,0.07707836,0.6456206,HuffPost,"🚨 Fair and fearless reporting since 2005. 🚨

Got a scoop? Send us news tips here 🔍 https://tips.huffpost.com",103336.0,53.0,13155.0,did:plc:j4eroku3volozvv6ljsnnfec,2025-08-04,0.0,2025-08-04 11:04:44+00:00,23.608488119166665,0.6347272397756824,3,6.52514355315817e-05,0.0803231082064261,-0.3668581349509873,87,chronological_political
2183,at://did:plc:wjatbj4hiinxfqaeixaw2bcp/app.bsky.feed.post/3lvl26pnadd2p,bafyreigb3r24xiupoeeluz5aige7lmcffxmzpw7jn2muxi5e24jxaukxla,realtuckfrumper.bsky.social,Tuck | Political Roastmaster,Don't 'have any other choice': Outrage grows in the midwest as political crisis spirals https://twp.ai/4ioxsK,,,,0,2,3,0,2025-08-04T11:01:59Z,,,,,,,,,False,realtuckfrumper.bsky.social,1,0.00231643486768,0.997683525085449,0,0.944125711917877,0.0558742806315422,1,0.00231643486768,0.997683525085449,3,0.0305071473121643,0.0306464973837137,0.938846349716187,0.032627538,0.0016117096,0.010894896,0.017162729,0.0074365693,0.010550622,0.016159745,0.22748272,0.40077096,0.10072401,0.064608715,0.30789703,0.088044226,0.2625746,Tuck | Political Roastmaster,Roasting politics since 2009. Snark-first commentary for the relentlessly online.,206295.0,143906.0,243667.0,did:plc:wjatbj4hiinxfqaeixaw2bcp,2025-08-04,0.0,2025-08-04 11:01:59+00:00,23.6543214525,0.634167353364894,5,0.00010875239255263615,0.16035317418367917,0.2950560522507063,88,reranked_political
557,at://did:plc:inz4fkbbp7ms3ixufw6xuvdi/app.bsky.feed.post/3lvl2ckhwr32r,bafyreib5buschcrqdvzrqwykpad67hb7jiefrah4qrsprpcrxfcn35udaq,wired.com,WIRED,"Packed with calories and protein, the same magic mixture has successfully treated famine for decades—but due to funding cuts it's now in short supply. www.wired.com/story/whats-...",,,,4,22,78,3,2025-08-04T11:04:09Z,,,,,,,,,False,wired.com,1,0.0270720403641462,0.972927927970886,0,0.976450026035309,0.0235500000417233,1,0.0270720403641462,0.972927927970886,2,0.109075576066971,0.882503628730774,0.0084207635372877,0.011686437,0.00064849854,0.007303875,0.010979908,0.0020256327,0.006809296,0.0049245935,0.08716968,0.570177,0.1276825,0.5610844,0.19273871,0.58368784,0.36318657,WIRED,"At wired.com where tomorrow is realized || Sign up for our newsletters: https://wrd.cm/newsletters

Find our WIRED journalists here: https://bsky.app/starter-pack/couts.bsky.social/3l6vez3xaus27",335130.0,86.0,4743.0,did:plc:inz4fkbbp7ms3ixufw6xuvdi,2025-08-04,1.0,2025-08-04 11:04:09+00:00,23.618210341388888,0.6346084347006505,107,0.002327301200626414,0.26049666382692943,3.5499646747896176,89,chronological_political
651,at://did:plc:j4eroku3volozvv6ljsnnfec/app.bsky.feed.post/3lvl2x3nncr2d,bafyreigx5r33zkogknidfpun54u4vixovvxmc4cmeyot46py34ivmoiheu,huffpost.com,HuffPost,"Computers, toys and clothing are among the items poised to see a spike in price.",,,,1,1,3,1,2025-08-04T11:15:37Z,,,,,,,,,False,huffpost.com,0,0.990266263484955,0.0097336675971746,0,0.985523343086243,0.0144767239689827,0,0.990266263484955,0.0097336675971746,2,0.0101096648722887,0.97718733549118,0.0127029456198215,0.01237757,0.00052928925,0.007493876,0.01041628,0.0014891637,0.0066668927,0.0048656166,0.09607936,0.18324682,0.053341843,0.3331747,0.12561269,0.30821896,0.38804084,HuffPost,"🚨 Fair and fearless reporting since 2005. 🚨

Got a scoop? Send us news tips here 🔍 https://tips.huffpost.com",103336.0,53.0,13155.0,did:plc:j4eroku3volozvv6ljsnnfec,2025-08-04,0.0,2025-08-04 11:15:37+00:00,23.427099230277776,0.6369478860227782,6,0.0001305028710631634,0.0803231082064261,0.8707034507020259,90,reranked_nonpolitical
2058,at://did:plc:z6rujpf4u56jfie7aqic2nfg/app.bsky.feed.post/3lvl2ysrcg22k,bafyreic6p5g6debnffmk4iuz5hkoaqnuhaojtu6fqs7ntjtuf2yafaacle,carlquintanilla.bsky.social,Carl Quintanilla,"“.. This is the kind of thing you would only expect to see in a banana republic,” Ms. Yellen said.

@bencasselman.bsky.social 
www.nytimes.com/2025/08/03/b...",,,,8,49,156,5,2025-08-04T11:16:36Z,,,,,,,,,False,carlquintanilla.bsky.social,1,0.0038286624476313,0.996171295642853,0,0.980873882770538,0.0191261749714613,1,0.0038286624476313,0.996171295642853,3,0.0250210519880056,0.0243761800229549,0.95060271024704,0.20032968,0.0032806396,0.1342682,0.026180768,0.026408968,0.0066151097,0.011323617,0.24385335,0.20909274,0.19469051,0.07850564,0.24157341,0.10771486,0.40223753,Carl Quintanilla,"25+ years at @CNBC and @NBCNews / @WSJ alum / board member, NY City Center & Sag Harbor Cinema",217680.0,762.0,7834.0,did:plc:z6rujpf4u56jfie7aqic2nfg,2025-08-04,0.0,2025-08-04 11:16:36+00:00,23.41071034138889,0.6371489086270412,218,0.004741604315294937,0.16920273858456716,0.24356100999334282,91,reranked_political
2181,at://did:plc:wjatbj4hiinxfqaeixaw2bcp/app.bsky.feed.post/3lvl2cbu6dx25,bafyreibyxxijr6lyhefzstuvs7zhrxsmpjyvkgf4m6nso5duonwkzvlaz4,realtuckfrumper.bsky.social,Tuck | Political Roastmaster,Five Years After the Beirut Port Explosion—Justice in the Courts Will Not Be Enough for Survivors | Opinion https://twp.ai/4ioxsL,,,,1,2,8,1,2025-08-04T11:03:59Z,,,,,,,,,False,realtuckfrumper.bsky.social,1,0.0110075734555721,0.988992393016815,0,0.985625684261322,0.0143742868676782,1,0.0110075734555721,0.988992393016815,2,0.0446244217455387,0.947176933288574,0.0081986179575324,0.03357032,0.0018978119,0.011198899,0.018119188,0.009545447,0.01254427,0.017339287,0.18180253,0.5570789,0.19764169,0.065840356,0.34511116,0.13978578,0.29574555,Tuck | Political Roastmaster,Roasting politics since 2009. Snark-first commentary for the relentlessly online.,206295.0,143906.0,243667.0,did:plc:wjatbj4hiinxfqaeixaw2bcp,2025-08-04,1.0,2025-08-04 11:03:59+00:00,23.620988119166665,0.6345744944780902,12,0.0002610057421263268,0.16035317418367917,2.265746499913146,92,chronological_political
2584,at://did:plc:mfrcz3kv7bsth54bkyrridp5/app.bsky.feed.post/3lvl2z6far22g,bafyreifmchxdbzd3tk5kwwbi7wzohwxayxtlr2ezkffxroqqct6baitsme,sundaedivine.bsky.social,𝕊𝕦𝕟𝕕𝕒𝕖 𝔾𝕦𝕣𝕝,Mace for Governor: Because Indecision Deserves a Mansion.,,,,6,2,23,0,2025-08-04T11:16:46Z,,,at://did:plc:t6ubj2wlhc34awzcymh3qpur/app.bsky.feed.post/3lvkyzg34lc2y,,,,,,False,sundaedivine.bsky.social,1,0.0035635468084365,0.996436476707458,0,0.986253321170807,0.0137467421591282,1,0.0035635468084365,0.996436476707458,2,0.042688500136137,0.949662029743195,0.0076494850218296,0.054284602,0.00096797943,0.0279513,0.010177165,0.002034882,0.006977591,0.003921982,0.22748272,0.07715648,0.07524726,0.028460866,0.21249197,0.045988884,0.5389349,𝕊𝕦𝕟𝕕𝕒𝕖 𝔾𝕦𝕣𝕝,"Laugh at the absurd, ponder the peculiar, and celebrate the sheer randomness of existence. DCist.",180472.0,9459.0,7797.0,did:plc:mfrcz3kv7bsth54bkyrridp5,2025-08-04,0.0,2025-08-04 11:16:46+00:00,23.407932563611112,0.6371829865421655,31,0.0006742648338263442,0.14028094743584163,0.16819300805039003,93,reranked_political
508,at://did:plc:azsiq6a5plbpa7ekw7pdrnum/app.bsky.feed.post/3lvl2apygfg25,bafyreieeyxs6tdnavdmn5pr7dhs4prhy4o5hibzagtxpar43ckcsgj42ie,businessinsider.com,Business Insider,"From new caps on student-loan borrowing to higher monthly payments, Sen. Elizabeth Warren said Trump's policies could benefit private lenders.",,,,1,1,0,0,2025-08-04T11:03:06Z,,,,,,,,,False,businessinsider.com,1,0.0021623689681291,0.997837603092194,1,0.0618726126849651,0.938127458095551,1,0.0021623689681291,0.997837603092194,1,0.95972740650177,0.0040759439580142,0.0361966788768768,0.00823077,0.00042200089,0.0072658747,0.009562299,0.0019146391,0.0060131317,0.0037450502,0.13270746,0.5570789,0.262419,0.39891782,0.19273871,0.58105433,0.55559266,Business Insider,"What you want to know about business. 
Follow us on Facebook, Instagram, and YouTube. 
Visit our homepage for the day's top stories.
businessinsider.com


",38152.0,43.0,12567.0,did:plc:azsiq6a5plbpa7ekw7pdrnum,2025-08-04,0.0,2025-08-04 11:03:06+00:00,23.63571034138889,0.6343946416008948,2,4.3500957021054466e-05,0.029655562672172026,0.6263793549955929,94,chronological_political
652,at://did:plc:j4eroku3volozvv6ljsnnfec/app.bsky.feed.post/3lvl2dsg7xr25,bafyreihxs5g4c7rvuxvj5cw5jfva4ifvk6db2y75g7jnccha4ksra7jqga,huffpost.com,HuffPost,This one simple but powerful shift can have major benefits. But be mindful of going overboard.,,,,0,0,1,0,2025-08-04T11:04:49Z,,,,,,,,,False,huffpost.com,0,0.991228342056274,0.0087716840207576,0,0.984460651874542,0.0155393807217479,0,0.991228342056274,0.0087716840207576,2,0.008445500396192,0.984017074108124,0.0075373486615717,0.01646154,0.00068187714,0.010096892,0.010911589,0.0018868907,0.007197669,0.003980959,0.4578922,0.56361395,0.08595042,0.2294551,0.2763869,0.3682022,0.77879584,HuffPost,"🚨 Fair and fearless reporting since 2005. 🚨

Got a scoop? Send us news tips here 🔍 https://tips.huffpost.com",103336.0,53.0,13155.0,did:plc:j4eroku3volozvv6ljsnnfec,2025-08-04,0.0,2025-08-04 11:04:49+00:00,23.60709923027778,0.6347442137447942,1,2.1750478510527233e-05,0.0803231082064261,0.8094724214727469,95,reranked_nonpolitical
883,at://did:plc:ck7aajho5ziqo6lrs64rm4oc/app.bsky.feed.post/3lvkze4rtfl27,bafyreiblqiep7inhrw2l2zcabaehbggtele4mowffnpqj4ryuuqmnuxk64,nypost.com,New York Post ,Man caught having three marriages at the same time learns his fate during sentencing,,,,0,1,1,0,2025-08-04T10:47:07Z,,,,,,,,,False,nypost.com,1,0.412390291690826,0.587609708309174,0,0.983211278915405,0.0167887415736914,1,0.412390291690826,0.587609708309174,2,0.102312624454498,0.787609457969666,0.110077910125256,0.08795626,0.0028800964,0.018323302,0.023243073,0.023796257,0.013424582,0.040269602,0.10090817,0.29028806,0.15779574,0.08775315,0.48850536,0.06350499,0.40670285,New York Post ,,2660.0,4.0,52505.0,did:plc:ck7aajho5ziqo6lrs64rm4oc,2025-08-04,0.0,2025-08-04 10:47:07+00:00,23.902099230277777,0.6311491141687372,2,4.3500957021054466e-05,0.0020676189114064163,0.13702652095800774,96,reranked_political
81,at://did:plc:ln72v57ivz2g46uqf4xxqiuh/app.bsky.feed.post/3lvl27mvs3f22,bafyreibsjbqgmbbkpq235didhj4nvrgpjfrxr3p2sicomh6rj4qsayjc4a,npr.org,NPR,"Trump says his tariffs will spur America into a ""golden age"" — but that remains far from certain. Here are 5 things to know about how his trade policies could impact the U.S. and the global economy.",,,,37,16,100,5,2025-08-04T11:02:30Z,,,,,,,,,False,npr.org,1,0.0022089728154242,0.997791051864624,1,0.0272976700216532,0.972702324390411,1,0.0022089728154242,0.997791051864624,3,0.0215075612068176,0.0066272565163672,0.971865117549896,0.01834645,0.0005674362,0.011008898,0.009852652,0.0024418586,0.006155535,0.0032437444,0.076109394,0.072964646,0.24966244,0.3313368,0.06686595,0.3544376,0.28150064,NPR,This is NPR 🎙️,926305.0,233.0,7405.0,did:plc:ln72v57ivz2g46uqf4xxqiuh,2025-08-04,1.0,2025-08-04 11:02:30+00:00,23.645710341388888,0.6342725064545022,158,0.003436575604663303,0.7200171938835791,2.678138179623062,97,chronological_political
1920,at://did:plc:bak7f4b3jsiqlpyo6o4ejaji/app.bsky.feed.post/3lvkzf5bdsc22,bafyreiao5pjtydor2q3zjb7yanamkz3ziyxh3sxql5ezgohjkppj2bdvcy,politico.eu,POLITICO Europe,"Big oil producers are preparing to fight for the future of plastic at a global summit in Switzerland this week, facing off against greener adversaries.

But this time, the pro-plastic camp has a formidable hitter in its corner: Donald Trump’s America.",,,,3,7,12,2,2025-08-04T10:47:42Z,,,,,,,,,False,politico.eu,1,0.0032968784216791,0.996703088283539,1,0.0390871614217758,0.960912883281708,1,0.0032968784216791,0.996703088283539,1,0.986876606941223,0.0056168735027313,0.0075065293349325,0.040183347,0.0011920929,0.019934712,0.010006369,0.0053276913,0.008181547,0.0030078357,0.09925278,0.05732464,0.07007079,0.26778153,0.15477188,0.24284612,0.31002498,POLITICO Europe,Nobody knows politics and policy like we do.,225164.0,72.0,13380.0,did:plc:bak7f4b3jsiqlpyo6o4ejaji,2025-08-04,0.0,2025-08-04 10:47:42+00:00,23.892377008055554,0.6312672716242088,24,0.0005220114842526536,0.17502005434883997,0.1211269551872417,98,reranked_political
2182,at://did:plc:wjatbj4hiinxfqaeixaw2bcp/app.bsky.feed.post/3lvl26wuqjt2p,bafyreifi5tvz7jv3gknl7z75fjrrpdwxs4uieiknjldu66p2htlo37tgf4,realtuckfrumper.bsky.social,Tuck | Political Roastmaster,Trump's Deportation Quota Comes Under Scrutiny https://twp.ai/4ioxsM,,,,0,3,3,1,2025-08-04T11:02:07Z,,,,,,,,,False,realtuckfrumper.bsky.social,1,0.0024226752575486,0.997577369213104,1,0.0501981042325497,0.949801921844482,1,0.0024226752575486,0.997577369213104,3,0.008947217836976,0.0078395698219537,0.983213186264038,0.050573748,0.0015926361,0.013744914,0.016821137,0.013948337,0.00967031,0.010674868,0.18892528,0.10406223,0.18341066,0.04462844,0.27196422,0.088044226,0.31482786,Tuck | Political Roastmaster,Roasting politics since 2009. Snark-first commentary for the relentlessly online.,206295.0,143906.0,243667.0,did:plc:wjatbj4hiinxfqaeixaw2bcp,2025-08-04,0.0,2025-08-04 11:02:07+00:00,23.652099230277777,0.6341944879770582,7,0.0001522533495736906,0.16035317418367917,-0.37580857684124563,99,chronological_political
831,at://did:plc:3bxtpdpr73tf7tldv5q4oyqc/app.bsky.feed.post/3lvl23cewns2t,bafyreiflvvg26mxciw5ondyhbjgcccol4ymvb7topatvlyi3hzmsywivxm,cbsnews.com,CBS News,"Loni Anderson, who played a struggling radio station's empowered receptionist on the hit TV comedy ""WKRP in Cincinnati,"" died Sunday, just days before her 80th birthday.",,,,0,1,2,0,2025-08-04T11:00:04Z,,,,,,,,,False,cbsnews.com,0,0.993205428123474,0.0067946356721222,0,0.988139510154724,0.0118604730814695,0,0.993205428123474,0.0067946356721222,2,0.0232118330895901,0.969982981681824,0.0068051847629249,0.008482091,0.00064373016,0.006838372,0.010433359,0.0026453468,0.008336896,0.005691297,0.4855708,0.75651044,0.16798511,0.2108423,0.7282995,0.40295652,0.77181554,CBS News,"Your source for original reporting and trusted news.

📺 CBS | Streaming on the CBS News app ",7150.0,17.0,6640.0,did:plc:3bxtpdpr73tf7tldv5q4oyqc,2025-08-04,0.0,2025-08-04 11:00:04+00:00,23.686265896944445,0.6337774215879336,3,6.52514355315817e-05,0.005557697449833036,0.7769367533844924,100,reranked_nonpolitical
880,at://did:plc:ck7aajho5ziqo6lrs64rm4oc/app.bsky.feed.post/3lvl2jdaviw2j,bafyreihvhy5ytddb27y3yheu5fjhhmzslhxpghrgp76dgfbugcq3czfi5u,nypost.com,New York Post ,Nancy Mace launches campaign for South Carolina governor,,,,0,0,0,1,2025-08-04T11:07:55Z,,,,,,,,,False,nypost.com,1,0.002880087820813,0.997119903564453,0,0.982781589031219,0.0172183755785227,1,0.002880087820813,0.997119903564453,2,0.158186912536621,0.81355893611908,0.02825409732759,0.0143253105,0.0011491776,0.00813988,0.013883443,0.0054756827,0.007922632,0.010733845,0.18180253,0.15442306,0.10421379,0.028460866,0.16144137,0.053591017,0.5444606,New York Post ,,2660.0,4.0,52505.0,did:plc:ck7aajho5ziqo6lrs64rm4oc,2025-08-04,0.0,2025-08-04 11:07:55+00:00,23.55543256361111,0.6353759680193573,1,2.1750478510527233e-05,0.0020676189114064163,0.09676281918956048,101,reranked_political
2183,at://did:plc:wjatbj4hiinxfqaeixaw2bcp/app.bsky.feed.post/3lvl26pnadd2p,bafyreigb3r24xiupoeeluz5aige7lmcffxmzpw7jn2muxi5e24jxaukxla,realtuckfrumper.bsky.social,Tuck | Political Roastmaster,Don't 'have any other choice': Outrage grows in the midwest as political crisis spirals https://twp.ai/4ioxsK,,,,0,2,3,0,2025-08-04T11:01:59Z,,,,,,,,,False,realtuckfrumper.bsky.social,1,0.00231643486768,0.997683525085449,0,0.944125711917877,0.0558742806315422,1,0.00231643486768,0.997683525085449,3,0.0305071473121643,0.0306464973837137,0.938846349716187,0.032627538,0.0016117096,0.010894896,0.017162729,0.0074365693,0.010550622,0.016159745,0.22748272,0.40077096,0.10072401,0.064608715,0.30789703,0.088044226,0.2625746,Tuck | Political Roastmaster,Roasting politics since 2009. Snark-first commentary for the relentlessly online.,206295.0,143906.0,243667.0,did:plc:wjatbj4hiinxfqaeixaw2bcp,2025-08-04,0.0,2025-08-04 11:01:59+00:00,23.6543214525,0.634167353364894,5,0.00010875239255263615,0.16035317418367917,0.2950560522507063,102,chronological_political
3639,at://did:plc:qiz5bd6ierfiykcuvzmjaj4e/app.bsky.feed.post/3lvl3ckihik2s,bafyreibhptcor2vuc5ua7nvqqcihb4vlakdx7pngounn7trd4d7wpjrxre,bylinetimes.bsky.social,Byline Times,"🔴America's Judicial System is Going Off The Rails

Emil Bove is the most egregious example  yet of the Trump administration placing judges with no respect for the rule of law into positions where they are determining the law, argues Matt Bernardini

www.bylinesupplement.com/p/americas-j...",,,,0,3,15,0,2025-08-04T11:22:05Z,,,,,,,,,False,bylinetimes.bsky.social,1,0.0020675843115896,0.997932434082031,1,0.0196080934256315,0.980391919612885,1,0.0020675843115896,0.997932434082031,3,0.0922905951738358,0.0045141009613871,0.903195321559906,0.11357342,0.001964569,0.06739554,0.01620627,0.0065856185,0.00636914,0.0056323195,0.16059916,0.19173165,0.20355904,0.32584408,0.13196917,0.24111786,0.34367627,Byline Times,"The UK's only reader-funded, independent newspaper that truly sits outside of the established system.

Subscribe for exclusive content in the Byline Times monthly print edition: subscribe.bylinetimes.com

Visit our free daily news site: bylinetimes.com",138694.0,672.0,1899.0,did:plc:qiz5bd6ierfiykcuvzmjaj4e,2025-08-04,0.0,2025-08-04 11:22:05+00:00,23.3193214525,0.6382710290104348,18,0.00039150861318949017,0.10780689372127875,0.095935962341025,103,reranked_political
2184,at://did:plc:wjatbj4hiinxfqaeixaw2bcp/app.bsky.feed.post/3lvl26o7chy2i,bafyreien7g7rdygqzsv2wqvssdwiklzztufjmxy2giifbxtjslt2f2ccau,realtuckfrumper.bsky.social,Tuck | Political Roastmaster,"Diddy Wants A Pardon, But He Hurt Trump’s Fee-Fees https://twp.ai/4ioxsF",,,,0,2,9,0,2025-08-04T11:01:57Z,,,,,,,,,False,realtuckfrumper.bsky.social,1,0.0029093548655509,0.997090578079224,1,0.0194480251520872,0.980551898479462,1,0.0029093548655509,0.997090578079224,1,0.979826927185059,0.0073017287068069,0.0128713492304087,0.055521555,0.0017356873,0.021803947,0.020920247,0.0050317086,0.01052473,0.016749516,0.2562081,0.088600785,0.25922137,0.054982804,0.30333814,0.048805583,0.14081356,Tuck | Political Roastmaster,Roasting politics since 2009. Snark-first commentary for the relentlessly online.,206295.0,143906.0,243667.0,did:plc:wjatbj4hiinxfqaeixaw2bcp,2025-08-04,0.0,2025-08-04 11:01:57+00:00,23.654877008055553,0.6341605698932581,11,0.00023925526361579956,0.16035317418367917,-0.41547796378606927,104,chronological_political
660,at://did:plc:j4eroku3volozvv6ljsnnfec/app.bsky.feed.post/3lvl2dkwpmy2l,bafyreifpte3zlk4l2oodjdw7oo6gf6jdnn5a5yfamwicfz35mwlt2fcc2u,huffpost.com,HuffPost,"From classic brands to hidden gems, reviewers are impressed by these comfortable shoes.",,,,0,0,1,0,2025-08-04T11:04:42Z,,,,,,,,,False,huffpost.com,0,0.993293166160583,0.0067068580538034,0,0.987450480461121,0.0125495530664921,0,0.993293166160583,0.0067068580538034,2,0.0179778169840574,0.963341236114502,0.0186809338629246,0.01822079,0.0007534027,0.010286893,0.012926984,0.003385304,0.0065633263,0.011972365,0.41112322,0.37545913,0.061046667,0.28925973,0.5116272,0.28139487,0.83320534,HuffPost,"🚨 Fair and fearless reporting since 2005. 🚨

Got a scoop? Send us news tips here 🔍 https://tips.huffpost.com",103336.0,53.0,13155.0,did:plc:j4eroku3volozvv6ljsnnfec,2025-08-04,0.0,2025-08-04 11:04:42+00:00,23.609043674722223,0.6347204503151326,1,2.1750478510527233e-05,0.0803231082064261,0.7740471528429712,105,reranked_nonpolitical
884,at://did:plc:ck7aajho5ziqo6lrs64rm4oc/app.bsky.feed.post/3lvkz6lzy452o,bafyreigjxtm6mgadgxv7khb4poo2xiacgj5jjy32ajfrklngtj7sslzlj4,nypost.com,New York Post ,Meghan Markle’s ex-BFF Jessica Mulroney ‘regrets’ being friends with ‘dark cloud’ duchess: report,,,,0,0,1,0,2025-08-04T10:44:02Z,,,,,,,,,False,nypost.com,1,0.0045715719461441,0.995428442955017,0,0.94898533821106,0.0510147251188755,1,0.0045715719461441,0.995428442955017,2,0.241480082273483,0.454673111438751,0.303846836090088,0.30427247,0.01083374,0.25998658,0.20016506,0.06929302,0.011430934,0.17226912,0.3395551,0.52482206,0.38675448,0.08375148,0.6071397,0.10297144,0.47621834,New York Post ,,2660.0,4.0,52505.0,did:plc:ck7aajho5ziqo6lrs64rm4oc,2025-08-04,0.0,2025-08-04 10:44:02+00:00,23.953488119166668,0.630524934918605,1,2.1750478510527233e-05,0.0020676189114064163,0.04520052828138274,106,reranked_political
671,at://did:plc:aonrplpou355iyrtvtimbj2q/app.bsky.feed.post/3lvl25uyawp2g,bafyreidj3mzlxwozvssumkn5gbom3dvu6fqs5hx24zt2vydkfkyg3ybz7e,newsweek.com,Newsweek,Over half the neighbors' joint drills since 2019 took place in the past six years as the quasi-alliance matures.,,,,0,0,0,0,2025-08-04T11:01:30Z,,,,,,,,,False,newsweek.com,1,0.0067741479724645,0.993225872516632,0,0.990755975246429,0.0092440294101834,1,0.0067741479724645,0.993225872516632,2,0.0073992321267724,0.981549680233002,0.011051120236516,0.011183795,0.00056505203,0.007835878,0.010296722,0.002173624,0.0066927844,0.004895105,0.24385335,0.1189293,0.08925207,0.32037753,0.39763463,0.40820757,0.51710594,Newsweek,"Newsweek provides in-depth analysis, news and opinion about international issues, technology, business, culture and politics.
",89670.0,31.0,7175.0,did:plc:aonrplpou355iyrtvtimbj2q,2025-08-04,1.0,2025-08-04 11:01:30+00:00,23.662377008055554,0.6340690001277127,0,0.0,0.06970052172398998,2.8720960825412463,107,chronological_political
3679,at://did:plc:6y2b4lqfw2j3oyycegx3ey7q/app.bsky.feed.post/3lvl234udc22p,bafyreiafflz6rsfh2tjkz2gmnkfbbd2c4ptamoipraxyoj7pypdtmvr7mq,jeffjarvis.bsky.social,Jeff (Gutenberg Parenthesis) Jarvis,"FFS. #BrokenTimes questions historians filing amicus briefs to the courts. What's the trouble? ""What they are hearing is a generally liberal message."" 
www.nytimes.com/2025/08/04/u...",,,,3,4,29,0,2025-08-04T11:00:00Z,,,,,,,,,False,jeffjarvis.bsky.social,1,0.0023867662530392,0.997613191604614,1,0.303510338068008,0.696489691734314,1,0.0023867662530392,0.997613191604614,3,0.0221300460398197,0.020127184689045,0.957742750644684,0.026970858,0.0009870529,0.013744914,0.012346277,0.006992595,0.006602164,0.0059861825,0.54517925,0.1625211,0.85929316,0.22570133,0.40183613,0.2393922,0.4111868,Jeff (Gutenberg Parenthesis) Jarvis,"Visiting prof @Stony Brook; fellow @Montclair State; emeritus prof @CUNY's Newmark School of Journalism. Co-host: This Week in Google, AI Inside. Author of The Gutenberg Parenthesis, Magazine, The Web We Weave, available at: https://jeffjarvis.com ",138113.0,1897.0,11356.0,did:plc:6y2b4lqfw2j3oyycegx3ey7q,2025-08-04,0.0,2025-08-04 11:00:00+00:00,23.687377008055556,0.6337638630591116,36,0.0007830172263789803,0.1073552822222084,0.021051776388472474,108,reranked_political
744,at://did:plc:uewxgchsjy4kmtu7dcxa77us/app.bsky.feed.post/3lvl24ja4rs23,bafyreickh5kfxqqqbwo3argdezds4keradethixs6ndzphaem6e24n3aca,bloomberg.com,Bloomberg News,Tesla approved an interim stock award of 96 million shares for CEO Elon Musk.,,,,8,3,11,4,2025-08-04T11:00:45Z,,,,,,,,,False,bloomberg.com,1,0.347991973161697,0.652008056640625,0,0.983681976795197,0.0163180492818356,1,0.347991973161697,0.652008056640625,2,0.0784736350178719,0.894716739654541,0.026809636503458,0.0055604824,0.00054359436,0.006182868,0.010057608,0.001313424,0.006375613,0.004187379,0.05978799,0.080593176,0.11831558,0.2108423,0.16480204,0.2359522,0.36318657,Bloomberg News,"The first word in business news. 
Newsletters: http://bloom.bg/newsletters 
Podcasts: http://bloom.bg/podcasts 
The Big Take podcast: http://trib.al/jtoXfuT",417504.0,193.0,11179.0,did:plc:uewxgchsjy4kmtu7dcxa77us,2025-08-04,0.0,2025-08-04 11:00:45+00:00,23.674877008055557,0.633916413233612,26,0.000565512441273708,0.3245260022510618,0.8103404153714138,109,chronological_political
1670,at://did:plc:62gdkmpwa7xme36getyqnem3/app.bsky.feed.post/3lvkzr7jj6s2k,bafyreig4sq6kdbs3zrtz7kygttcj5kldugu5swmat6jaj2b4u3o3pp3tla,astrokatie.com,Katie Mack,"I don’t fly gliders. I’ve only been in one once, briefly.",,,,2,0,0,0,2025-08-04T10:54:25Z,at://did:plc:wpjitp4qomzetzeyv2qh7l7z/app.bsky.feed.post/3lvkf3zbjdk2d,at://did:plc:62gdkmpwa7xme36getyqnem3/app.bsky.feed.post/3lvjy4vpzrk2c,,,,,,,False,astrokatie.com,0,0.993855893611908,0.006144116166979,0,0.984666109085083,0.0153339272364974,0,0.993855893611908,0.006144116166979,2,0.0106123238801956,0.972221493721008,0.0171661376953125,0.019603057,0.0012874603,0.009336887,0.014532468,0.003348306,0.008505191,0.0108517995,0.740933,0.32491422,0.21247254,0.2987835,0.8697904,0.13978578,0.5630719,Katie Mack,"Cosmologist, pilot, author, connoisseur of cosmic catastrophes. TEDFellow, CIFAR Azrieli Global Scholar. Domain verified through my personal astrokatie.com website. She/her. Dr.

Personal account; not speaking for employer or anyone else.",255929.0,1356.0,8247.0,did:plc:62gdkmpwa7xme36getyqnem3,2025-08-04,0.0,2025-08-04 10:54:25+00:00,23.78043256361111,0.6326293650601015,2,4.3500957021054466e-05,0.19893369938997468,0.6935649806745784,110,reranked_nonpolitical
785,at://did:plc:nyxviptfyic2lvuorkr5yy3y/app.bsky.feed.post/3lvl2wdaffz2e,bafyreih6ux4ehwo5vyuey5nnak5rsasmk6iokjkt5ewefo5wvsvb3pdhri,theatlantic.com,The Atlantic,"Donald Trump is posting threats about the most powerful weapons on Earth to salve his ego and improve his political fortunes, @radiofreetom.bsky.social argues.",,,,0,10,22,0,2025-08-04T11:15:11Z,,,,,,,,,False,theatlantic.com,1,0.0022476087324321,0.997752368450165,1,0.0202386155724525,0.979761362075806,1,0.0022476087324321,0.997752368450165,1,0.981814801692963,0.0060219801962375,0.0121632162481546,0.21508642,0.0062942505,0.06459839,0.03990845,0.027614836,0.06863153,0.022411324,0.09925278,0.10406223,0.067021005,0.13093169,0.19664992,0.18591215,0.087843955,The Atlantic,"Exploring the American idea through ambitious, essential reporting and storytelling. Of no party or clique since 1857. http://theatlantic.com",341291.0,76.0,5357.0,did:plc:nyxviptfyic2lvuorkr5yy3y,2025-08-04,0.0,2025-08-04 11:15:11+00:00,23.4343214525,0.636859319924511,32,0.0006960153123368715,0.26528561123789746,-0.16686477365318908,111,reranked_political
3093,at://did:plc:f5j66gguacu2rqrqxdqzozpa/app.bsky.feed.post/3lvl23yfaqk2z,bafyreiamulzpvhbjqdogbhx4walt7y6qzxwicywi24ey7vjk4rbovpfw54,bachynski.bsky.social,Kathleen Bachynski ,"“Like their four-year counterparts, community colleges are grappling with disappearing federal grants, shuttered D.E.I. offices, eliminated programs… many of the grants that fund financial aid for low-income students and the staff that support them have been eliminated or threatened”",,,,3,44,82,2,2025-08-04T11:00:28Z,,,,,,,,,True,donmoyn.bsky.social,1,0.0025406519416719,0.997459352016449,0,0.848426699638367,0.151573300361633,1,0.0025406519416719,0.997459352016449,1,0.847779273986816,0.146485656499863,0.0057351575233042,0.028149333,0.0011205673,0.011654901,0.010569996,0.0032743104,0.009722093,0.0042463564,0.22748272,0.68765694,0.1426516,0.39891782,0.6097354,0.49842337,0.52978563,,,,,,,2025-08-04,1.0,2025-08-04 11:00:28+00:00,23.679599230277777,0.6338587788524803,131,0.002849312684879067,,,112,chronological_political
2168,at://did:plc:wjatbj4hiinxfqaeixaw2bcp/app.bsky.feed.post/3lvl3hernl523,bafyreibcnzkwsmuhrkok2q3lt26yjwco3hhwba7gxizpxtabvrhvbf4opu,realtuckfrumper.bsky.social,Tuck | Political Roastmaster,Swiss president under fire after Trump call leads to US tariffs shock https://twp.ai/4ioxx1,,,,0,0,1,0,2025-08-04T11:24:43Z,,,,,,,,,False,realtuckfrumper.bsky.social,1,0.0031654825434088,0.996834576129913,1,0.0905483067035675,0.909451723098755,1,0.0031654825434088,0.996834576129913,3,0.0125061068683863,0.0338501483201981,0.95364373922348,0.05131592,0.002412796,0.015568925,0.023379711,0.014551271,0.018364733,0.021703599,0.17470887,0.21835022,0.13764244,0.1611895,0.15146351,0.110383466,0.29574555,Tuck | Political Roastmaster,Roasting politics since 2009. Snark-first commentary for the relentlessly online.,206295.0,143906.0,243667.0,did:plc:wjatbj4hiinxfqaeixaw2bcp,2025-08-04,0.0,2025-08-04 11:24:43+00:00,23.275432563611112,0.6388106218649472,1,2.1750478510527233e-05,0.16035317418367917,-0.20168117129037483,113,reranked_political
346,at://did:plc:k4jt6heuiamymgi46yeuxtpt/app.bsky.feed.post/3lvl23oj7m42x,bafyreie7x7heu5axdm2tsbpfxrlkmrgsnstx7ooepkkywwqiwvvvwp4geq,propublica.org,ProPublica,"NEW: The IRS will allow churches across the country to endorse political candidates. Texas — with more than 200 megachurches — will be the epicenter for pastors and congregations to test out their new influence, one expert said.

With @fortworthreport.bsky.social & @texastribune.org",,,,31,52,116,20,2025-08-04T11:00:17Z,,,,,,,,,False,propublica.org,1,0.0020967677701264,0.997903227806091,0,0.990020275115967,0.0099797630682587,1,0.0020967677701264,0.997903227806091,2,0.0174301657825708,0.971498548984528,0.0110713010653853,0.015393426,0.00064373016,0.008253881,0.009681856,0.008694496,0.006045496,0.0043053334,0.21123351,0.17069851,0.15272859,0.45820457,0.18186516,0.57923037,0.4806,ProPublica,"Investigative journalism in the public interest. Headlines and (sometimes literal) receipts.

Send us tips: propublica.org/tips",595514.0,286.0,3277.0,did:plc:k4jt6heuiamymgi46yeuxtpt,2025-08-04,0.0,2025-08-04 11:00:17+00:00,23.682654785833332,0.6338214888099093,219,0.004763354793805464,0.46289323624333856,1.6619391233708898,114,chronological_political
3043,at://did:plc:u6mkbcgviwlbhuwqirmhcgu3/app.bsky.feed.post/3lvl33j6cvu2v,bafyreig7iqdyovmjyfi2xoxnfgmxjzjcdcmuf7nmn7twhdl74mz5iy5xiq,elpais.com,EL PAÍS,🔴 ÚLTIMA HORA | Muere un hombre de 85 años en Badajoz por las altas temperaturas en el primer día de la ola de calor ,,,,0,3,8,0,2025-08-04T11:18:05Z,,,,,,,,,False,elpais.com,0,0.993629157543182,0.0063708196394145,0,0.989215314388275,0.0107846893370152,0,0.993629157543182,0.0063708196394145,2,0.0109232757240534,0.972708940505981,0.0163678098469973,0.008482091,0.0008583069,0.006847872,0.011219022,0.0012301788,0.006925808,0.0047771507,0.2645952,0.50287527,0.29787818,0.18554118,0.58695245,0.22909802,0.6364095,EL PAÍS,"La mejor información en español. Con nuestra mirada puesta en España, Europa y América. Suscríbete: https://tinyurl.com/yfbk27jh

Aquí puedes consultar nuestra política de privacidad: https://tinyurl.com/32dnhzc9
",158782.0,123.0,12728.0,did:plc:u6mkbcgviwlbhuwqirmhcgu3,2025-08-04,0.0,2025-08-04 11:18:05+00:00,23.385988119166665,0.6374522661550589,11,0.00023925526361579956,0.12342130300411036,0.6178574650888665,115,reranked_nonpolitical
3091,at://did:plc:2rrp7amblhg3xoly5n5huiqv/app.bsky.feed.post/3lvl3ev6tok2x,bafyreidttjgzixepwz5wmt4uzxmrzif24pvnz2g5bdvpoy5iwoejcu463m,donmoyn.bsky.social,Don Moynihan,US government now adopting Trump’s trick of not paying its employees. While paying others billions to do nothing until their resignation kicks in.,,,,0,13,33,0,2025-08-04T11:23:19Z,,,at://did:plc:ln72v57ivz2g46uqf4xxqiuh/app.bsky.feed.post/3lvl2w23klk2n,,,,,,False,donmoyn.bsky.social,1,0.0021535318810492,0.997846484184265,1,0.0188560169190168,0.981143951416016,1,0.0021535318810492,0.997846484184265,1,0.968187749385834,0.0044755670242011,0.0273366998881102,0.083999306,0.0019168854,0.02567133,0.0166845,0.004125261,0.015256803,0.007902941,0.10423975,0.092282765,0.31414655,0.16462365,0.062312808,0.12437489,0.08422154,Don Moynihan,"Policy Professor, Ford School, University of Michigan.
Irish immigrant. Administrative burdens guy.
Free newsletter, Can We Still Govern?: https://donmoynihan.substack.com",157019.0,2097.0,12397.0,did:plc:2rrp7amblhg3xoly5n5huiqv,2025-08-04,0.0,2025-08-04 11:23:19+00:00,23.298765896944445,0.6385236929460416,46,0.0010005220114842526,0.12205092250004664,-0.2286172375553263,116,reranked_political
577,at://did:plc:mhzk3blh4pfxo3fqh2meowbb/app.bsky.feed.post/3lvl23iwboi26,bafyreifyetgfo4rd7c2wv5qqgjtfzbrrswntvdtirbvjoqqcgw5zjf52vq,economist.com,The Economist,"Europe’s hard right, like America’s, has come to loathe renewable energy. It is unreliable, they say, and too expensive. Now parties on the centre-right are saying things that sound increasingly similar econ.st/4799H8q

Illustration: Mark Harris",,,,0,0,3,0,2025-08-04T11:00:11Z,,,,,,,,,False,economist.com,1,0.0023180556017905,0.997681975364685,1,0.0208266358822584,0.979173421859741,1,0.0023180556017905,0.997681975364685,3,0.294179737567902,0.0037532590795308,0.702066957950592,0.022728346,0.0006580353,0.013706914,0.00995513,0.0048097214,0.006097279,0.00302258,0.21934268,0.15846217,0.34037396,0.36672845,0.14817277,0.42136982,0.38804084,The Economist,News and analysis with a global perspective. We’re here to help you understand the world around you. Subscribe here: https://econ.st/4fAeu4q,101394.0,91.0,2865.0,did:plc:mhzk3blh4pfxo3fqh2meowbb,2025-08-04,0.0,2025-08-04 11:00:11+00:00,23.6843214525,0.6338011497113484,3,6.52514355315817e-05,0.07881359094103088,0.41079338579972025,117,chronological_political
2174,at://did:plc:wjatbj4hiinxfqaeixaw2bcp/app.bsky.feed.post/3lvl2tvp2aj2z,bafyreihcdl4nhhtzpt6c5chwilwrex5erb7sdpezivit3kya74s2db7jc4,realtuckfrumper.bsky.social,Tuck | Political Roastmaster,'Irked' Trump's tantrum may have plunged US economy into decades of chaos: CNN analyst https://twp.ai/4ioxtj,,,,3,10,25,2,2025-08-04T11:13:50Z,,,,,,,,,False,realtuckfrumper.bsky.social,1,0.0023798008915036,0.997620165348053,1,0.0194088723510504,0.980591118335724,1,0.0023798008915036,0.997620165348053,1,0.895350694656372,0.0100843068212271,0.0945649743080139,0.14082454,0.0025939941,0.06687108,0.028640235,0.011321344,0.009281937,0.015216109,0.112080015,0.10564658,0.23068507,0.13093169,0.15477188,0.10771486,0.23483545,Tuck | Political Roastmaster,Roasting politics since 2009. Snark-first commentary for the relentlessly online.,206295.0,143906.0,243667.0,did:plc:wjatbj4hiinxfqaeixaw2bcp,2025-08-04,0.0,2025-08-04 11:13:50+00:00,23.456821452499998,0.6365834814015302,40,0.0008700191404210892,0.16035317418367917,-0.29906857612386883,118,reranked_political
3679,at://did:plc:6y2b4lqfw2j3oyycegx3ey7q/app.bsky.feed.post/3lvl234udc22p,bafyreiafflz6rsfh2tjkz2gmnkfbbd2c4ptamoipraxyoj7pypdtmvr7mq,jeffjarvis.bsky.social,Jeff (Gutenberg Parenthesis) Jarvis,"FFS. #BrokenTimes questions historians filing amicus briefs to the courts. What's the trouble? ""What they are hearing is a generally liberal message."" 
www.nytimes.com/2025/08/04/u...",,,,3,4,29,0,2025-08-04T11:00:00Z,,,,,,,,,False,jeffjarvis.bsky.social,1,0.0023867662530392,0.997613191604614,1,0.303510338068008,0.696489691734314,1,0.0023867662530392,0.997613191604614,3,0.0221300460398197,0.020127184689045,0.957742750644684,0.026970858,0.0009870529,0.013744914,0.012346277,0.006992595,0.006602164,0.0059861825,0.54517925,0.1625211,0.85929316,0.22570133,0.40183613,0.2393922,0.4111868,Jeff (Gutenberg Parenthesis) Jarvis,"Visiting prof @Stony Brook; fellow @Montclair State; emeritus prof @CUNY's Newmark School of Journalism. Co-host: This Week in Google, AI Inside. Author of The Gutenberg Parenthesis, Magazine, The Web We Weave, available at: https://jeffjarvis.com ",138113.0,1897.0,11356.0,did:plc:6y2b4lqfw2j3oyycegx3ey7q,2025-08-04,0.0,2025-08-04 11:00:00+00:00,23.687377008055556,0.6337638630591116,36,0.0007830172263789803,0.1073552822222084,0.021051776388472474,119,chronological_political
2840,at://did:plc:qqxqxgdu5z3he2piqfbfaku4/app.bsky.feed.post/3lvkz6vhia32b,bafyreidrg4lmb6z5ycgoccblwnlahz2cthksd2vpxdzmt37hxymnuttwr4,lemonde.fr,Le Monde,"Vigilance rouge dans l’Aude, mardi, en raison du risque « très élevé » d’incendie, selon Météo-France",,,,0,3,7,0,2025-08-04T10:44:11Z,,,,,,,,,False,lemonde.fr,0,0.992242991924286,0.0077570308931171,0,0.987882852554321,0.0121172135695815,0,0.992242991924286,0.0077570308931171,2,0.0109401606023312,0.980574250221252,0.0084855193272233,0.0012408986,8.404255e-05,0.005560614,0.007672866,0.00017573983,0.00520655,0.0011058219,0.42076668,0.3703159,0.16798511,0.13093169,0.646793,0.2707845,0.618977,Le Monde,« Le Monde » est un journal français fondé par Hubert Beuve-Méry en 1944. C'est aussi un compte Bluesky qui poste l'actualité en continu de façon automatisée.,163932.0,87.0,30922.0,did:plc:qqxqxgdu5z3he2piqfbfaku4,2025-08-04,0.0,2025-08-04 10:44:11+00:00,23.950988119166666,0.6305552861060875,10,0.0002175047851052723,0.12742439976867542,0.6024495568776856,120,reranked_nonpolitical
2172,at://did:plc:wjatbj4hiinxfqaeixaw2bcp/app.bsky.feed.post/3lvl35kc56b2z,bafyreid2qhheql5ie7md3ckldcjmbhr3cugg6jghxylrmcciqtrrnwxuha,realtuckfrumper.bsky.social,Tuck | Political Roastmaster,One state has always been a magnet for big-time sleazeballs — as the Epstein saga proves https://twp.ai/4ioxuE,,,,0,4,14,1,2025-08-04T11:19:13Z,,,,,,,,,False,realtuckfrumper.bsky.social,1,0.0032996325753629,0.996700346469879,1,0.0366452969610691,0.963354766368866,1,0.0032996325753629,0.996700346469879,3,0.0393636263906956,0.0106891430914402,0.949947118759155,0.22846605,0.006980896,0.11616662,0.114160895,0.024600167,0.009540852,0.09686191,0.08842566,0.20029442,0.08485947,0.1611895,0.11003077,0.10771486,0.22126094,Tuck | Political Roastmaster,Roasting politics since 2009. Snark-first commentary for the relentlessly online.,206295.0,143906.0,243667.0,did:plc:wjatbj4hiinxfqaeixaw2bcp,2025-08-04,0.0,2025-08-04 11:19:13+00:00,23.367099230277777,0.6376841422714477,19,0.0004132590917000174,0.16035317418367917,-0.31732032232261004,121,reranked_political
2185,at://did:plc:wjatbj4hiinxfqaeixaw2bcp/app.bsky.feed.post/3lvkzv7lo2b2t,bafyreieu2joxsfvkq3ocqd7rs7awi6so6bqgbux2f2y4rlca45gqiwsjay,realtuckfrumper.bsky.social,Tuck | Political Roastmaster,White House Says Terrible Jobs Data 'Must Be a Typo' https://twp.ai/4ioxru,,,,5,5,13,3,2025-08-04T10:56:40Z,,,,,,,,,False,realtuckfrumper.bsky.social,1,0.0035593651700764,0.996440589427948,1,0.402760565280914,0.597239434719086,1,0.0035593651700764,0.996440589427948,3,0.0169832725077868,0.030602153390646,0.952414631843567,0.075294,0.0020980835,0.023866551,0.025497584,0.015455672,0.009385503,0.016395653,0.17470887,0.07800866,0.262419,0.059745956,0.11932958,0.071766086,0.23940414,Tuck | Political Roastmaster,Roasting politics since 2009. Snark-first commentary for the relentlessly online.,206295.0,143906.0,243667.0,did:plc:wjatbj4hiinxfqaeixaw2bcp,2025-08-04,0.0,2025-08-04 10:56:40+00:00,23.74293256361111,0.6330863063157736,26,0.000565512441273708,0.16035317418367917,-0.3918790550779849,122,chronological_political
657,at://did:plc:j4eroku3volozvv6ljsnnfec/app.bsky.feed.post/3lvl2dmx4qx24,bafyreiangtsfqowv64wf36f6qsa5sl2lxkxcw6wwic6nv7eimjyaxggi2q,huffpost.com,HuffPost,Experts weigh in on Robert F. Kennedy Jr.’s controversial take and what they want everyone to know.,,,,0,1,1,1,2025-08-04T11:04:44Z,,,,,,,,,False,huffpost.com,1,0.0025086137466132,0.997491359710693,1,0.422191739082336,0.577808260917664,1,0.0025086137466132,0.997491359710693,2,0.0078065418638289,0.975238680839539,0.0169548261910677,0.02048268,0.00058174133,0.012300906,0.010211324,0.0023216156,0.0064532873,0.0041578906,0.36807743,0.3150431,0.39601225,0.09593137,0.08501253,0.07707836,0.6456206,HuffPost,"🚨 Fair and fearless reporting since 2005. 🚨

Got a scoop? Send us news tips here 🔍 https://tips.huffpost.com",103336.0,53.0,13155.0,did:plc:j4eroku3volozvv6ljsnnfec,2025-08-04,0.0,2025-08-04 11:04:44+00:00,23.608488119166665,0.6347272397756824,3,6.52514355315817e-05,0.0803231082064261,-0.3668581349509873,123,reranked_political
2186,at://did:plc:wjatbj4hiinxfqaeixaw2bcp/app.bsky.feed.post/3lvkzkut5k32o,bafyreigarcp675pzbxzcybw4xgo4zqwylxvnm6ljzwz2rgrgamy7i5vmqa,realtuckfrumper.bsky.social,Tuck | Political Roastmaster,Jasmine Crockett Speaks Out After Dems Flee Texas—'Get Aggressive' https://twp.ai/4ioxsp,,,,2,2,5,0,2025-08-04T10:50:53Z,,,,,,,,,False,realtuckfrumper.bsky.social,1,0.0023087204899638,0.99769127368927,1,0.0225211102515459,0.977478861808777,1,0.0023087204899638,0.99769127368927,3,0.0102020585909486,0.0035599872935563,0.9862380027771,0.1140901,0.0050354004,0.025929155,0.035900343,0.033269364,0.063675895,0.032555398,0.34428877,0.12279678,0.13265374,0.018415017,0.29427764,0.056517217,0.34852296,Tuck | Political Roastmaster,Roasting politics since 2009. Snark-first commentary for the relentlessly online.,206295.0,143906.0,243667.0,did:plc:wjatbj4hiinxfqaeixaw2bcp,2025-08-04,0.0,2025-08-04 10:50:53+00:00,23.8393214525,0.6319124635787167,9,0.00019575430659474509,0.16035317418367917,-0.4875256419743695,124,chronological_political
597,at://did:plc:jbvnehrrdqoulco4rf5gxg5r/app.bsky.feed.post/3lvl2w7vcqg2i,bafyreig6rd2t6ajyw4cwckputokroz2uaxa2gpfavbbu2cf57x7bg6il6e,reuters.com,Reuters,"Loews' quarterly profit rises on investment income, strong insurance unit reut.rs/4muojE3",,,,0,0,1,0,2025-08-04T11:15:07Z,,,,,,,,,False,reuters.com,0,0.985598564147949,0.0144014647230506,0,0.985991179943085,0.0140087828040123,0,0.985598564147949,0.0144014647230506,2,0.0122214928269386,0.976771593093872,0.0110069084912539,0.005748973,0.00056028366,0.006125868,0.010638315,0.0014614153,0.006317357,0.0072541917,0.13963868,0.38062236,0.064012945,0.07721034,0.4188109,0.24804401,0.46750137,Reuters,,272224.0,143.0,27580.0,did:plc:jbvnehrrdqoulco4rf5gxg5r,2025-08-04,0.0,2025-08-04 11:15:07+00:00,23.435432563611112,0.6368456954640133,1,2.1750478510527233e-05,0.21159980847319557,0.57234094692102,125,reranked_nonpolitical
672,at://did:plc:aonrplpou355iyrtvtimbj2q/app.bsky.feed.post/3lvkzfrfgim25,bafyreib2abjpgi3koqwwsl6tbpcxny7rv5udkhoyfimmz3cryolhwdgzeq,newsweek.com,Newsweek,"President Trump called Charlamagne tha God a ""low IQ individual"" after the radio host appeared on Lara Trump's Fox News show.",,,,4,2,5,1,2025-08-04T10:48:01Z,,,,,,,,,False,newsweek.com,1,0.0032064297702163,0.996793568134308,1,0.0398160703480244,0.96018385887146,1,0.0032064297702163,0.996793568134308,3,0.0745342373847961,0.0040000048466026,0.921465814113617,0.3375374,0.0059127808,0.36537176,0.041160982,0.08831879,0.0076119336,0.009672256,0.26038522,0.18747956,0.091476426,0.12436983,0.33100215,0.20890829,0.47185203,Newsweek,"Newsweek provides in-depth analysis, news and opinion about international issues, technology, business, culture and politics.
",89670.0,31.0,7175.0,did:plc:aonrplpou355iyrtvtimbj2q,2025-08-04,0.0,2025-08-04 10:48:01+00:00,23.887099230277776,0.6313314235060534,12,0.0002610057421263268,0.06970052172398998,-0.37055936367951775,126,reranked_political
3680,at://did:plc:6y2b4lqfw2j3oyycegx3ey7q/app.bsky.feed.post/3lvkzjviaws2p,bafyreif6ivtzsecklk36lvcwraygyxgickmumhcqk65hxz4rfczkvy4pvu,jeffjarvis.bsky.social,Jeff (Gutenberg Parenthesis) Jarvis,"Well, fancy this: The Times discovers that New York Jews are not a monolith, including in their views of Israel's crimes in Gaza. 
Many Jewish Voters Back Mamdani. And Many Agree With Him on Gaza. www.nytimes.com/2025/08/04/n...",,,,2,15,85,1,2025-08-04T10:50:21Z,,,,,,,,,False,jeffjarvis.bsky.social,1,0.0028160896617919,0.997183859348297,0,0.952930688858032,0.0470692589879036,1,0.0028160896617919,0.997183859348297,3,0.155189394950867,0.010322006419301,0.834488570690155,0.24763705,0.008430481,0.071750276,0.06395709,0.29035977,0.011172019,0.02418064,0.64861864,0.61117506,0.5448541,0.46405444,0.27196422,0.504478,0.7683344,Jeff (Gutenberg Parenthesis) Jarvis,"Visiting prof @Stony Brook; fellow @Montclair State; emeritus prof @CUNY's Newmark School of Journalism. Co-host: This Week in Google, AI Inside. Author of The Gutenberg Parenthesis, Magazine, The Web We Weave, available at: https://jeffjarvis.com ",138113.0,1897.0,11356.0,did:plc:6y2b4lqfw2j3oyycegx3ey7q,2025-08-04,1.0,2025-08-04 10:50:21+00:00,23.84821034138889,0.6318043226249827,103,0.0022402992865843047,0.1073552822222084,3.046316957429288,127,chronological_political
2182,at://did:plc:wjatbj4hiinxfqaeixaw2bcp/app.bsky.feed.post/3lvl26wuqjt2p,bafyreifi5tvz7jv3gknl7z75fjrrpdwxs4uieiknjldu66p2htlo37tgf4,realtuckfrumper.bsky.social,Tuck | Political Roastmaster,Trump's Deportation Quota Comes Under Scrutiny https://twp.ai/4ioxsM,,,,0,3,3,1,2025-08-04T11:02:07Z,,,,,,,,,False,realtuckfrumper.bsky.social,1,0.0024226752575486,0.997577369213104,1,0.0501981042325497,0.949801921844482,1,0.0024226752575486,0.997577369213104,3,0.008947217836976,0.0078395698219537,0.983213186264038,0.050573748,0.0015926361,0.013744914,0.016821137,0.013948337,0.00967031,0.010674868,0.18892528,0.10406223,0.18341066,0.04462844,0.27196422,0.088044226,0.31482786,Tuck | Political Roastmaster,Roasting politics since 2009. Snark-first commentary for the relentlessly online.,206295.0,143906.0,243667.0,did:plc:wjatbj4hiinxfqaeixaw2bcp,2025-08-04,0.0,2025-08-04 11:02:07+00:00,23.652099230277777,0.6341944879770582,7,0.0001522533495736906,0.16035317418367917,-0.37580857684124563,128,reranked_political
601,at://did:plc:jbvnehrrdqoulco4rf5gxg5r/app.bsky.feed.post/3lvkzjjw7ne24,bafyreiaokxmxdziexellepsnfuipg2bpmruyxbqqpdnfjqkw7qcliki5uu,reuters.com,Reuters,Kurdish-led SDF says it clashed with government forces in northern Syria reut.rs/46zY2zo,,,,1,2,6,0,2025-08-04T10:50:08Z,,,,,,,,,False,reuters.com,1,0.004208184313029,0.995791792869568,0,0.950675427913666,0.0493246018886566,1,0.004208184313029,0.995791792869568,2,0.0141844358295202,0.95309853553772,0.0327170118689537,0.07054565,0.0037956238,0.014314918,0.028230323,0.04332388,0.035458352,0.029252676,0.29001275,0.2707453,0.09036188,0.09045299,0.29427764,0.13204911,0.42474672,Reuters,,272224.0,143.0,27580.0,did:plc:jbvnehrrdqoulco4rf5gxg5r,2025-08-04,0.0,2025-08-04 10:50:08+00:00,23.8518214525,0.6317603956489777,9,0.00019575430659474509,0.21159980847319557,0.39717004089374763,129,chronological_political
2838,at://did:plc:qqxqxgdu5z3he2piqfbfaku4/app.bsky.feed.post/3lvl3ctzsfs2r,bafyreigq3perwgmk6awr3qpp3hhjjjvajep444nd27d6x7m66wsxzf4g5u,lemonde.fr,Le Monde,"En Russie, début du procès de l’attentat du Crocus City Hall, qui avait fait 149 morts",,,,0,1,0,0,2025-08-04T11:22:11Z,,,,,,,,,False,lemonde.fr,0,0.993167221546173,0.0068327896296978,0,0.987404346466064,0.0125956730917096,0,0.993167221546173,0.0068327896296978,2,0.007697447668761,0.981342256069183,0.0109602930024266,0.00719407,0.0007867813,0.008975885,0.008938893,0.0016371552,0.0059548756,0.007106749,0.13270746,0.3150431,0.09484769,0.15776905,0.4668769,0.20724988,0.5444606,Le Monde,« Le Monde » est un journal français fondé par Hubert Beuve-Méry en 1944. C'est aussi un compte Bluesky qui poste l'actualité en continu de façon automatisée.,163932.0,87.0,30922.0,did:plc:qqxqxgdu5z3he2piqfbfaku4,2025-08-04,0.0,2025-08-04 11:22:11+00:00,23.317654785833334,0.638291511550382,1,2.1750478510527233e-05,0.12742439976867542,0.5590065753367125,130,reranked_nonpolitical
2185,at://did:plc:wjatbj4hiinxfqaeixaw2bcp/app.bsky.feed.post/3lvkzv7lo2b2t,bafyreieu2joxsfvkq3ocqd7rs7awi6so6bqgbux2f2y4rlca45gqiwsjay,realtuckfrumper.bsky.social,Tuck | Political Roastmaster,White House Says Terrible Jobs Data 'Must Be a Typo' https://twp.ai/4ioxru,,,,5,5,13,3,2025-08-04T10:56:40Z,,,,,,,,,False,realtuckfrumper.bsky.social,1,0.0035593651700764,0.996440589427948,1,0.402760565280914,0.597239434719086,1,0.0035593651700764,0.996440589427948,3,0.0169832725077868,0.030602153390646,0.952414631843567,0.075294,0.0020980835,0.023866551,0.025497584,0.015455672,0.009385503,0.016395653,0.17470887,0.07800866,0.262419,0.059745956,0.11932958,0.071766086,0.23940414,Tuck | Political Roastmaster,Roasting politics since 2009. Snark-first commentary for the relentlessly online.,206295.0,143906.0,243667.0,did:plc:wjatbj4hiinxfqaeixaw2bcp,2025-08-04,0.0,2025-08-04 10:56:40+00:00,23.74293256361111,0.6330863063157736,26,0.000565512441273708,0.16035317418367917,-0.3918790550779849,131,reranked_political
1221,at://did:plc:qvzn322kmcvd7xtnips5xaun/app.bsky.feed.post/3lvkzi4yq4k2a,bafyreigvggtq7br5gtwt4qqk63shulhxookkdonfuz3cgfj7phjpfhodkm,scalzi.com,John Scalzi,"Good morning, folks. The sky says trans rights are human rights.",,,,4,89,710,1,2025-08-04T10:49:22Z,,,,,,,,,False,scalzi.com,1,0.0051225796341896,0.994877398014069,0,0.98721581697464,0.0127841029316187,1,0.0051225796341896,0.994877398014069,1,0.986298203468323,0.0064074080437421,0.0072943931445479,0.09394901,0.0036811829,0.01961243,0.027547138,0.09245483,0.008893564,0.020759964,0.76877266,0.5163421,0.058122616,0.054982804,0.27196422,0.08032035,0.80015343,John Scalzi,"I enjoy pie.

Social Media FAQ: https://whatever.scalzi.com/2025/04/16/the-official-john-scalzi-social-media-faq/",327759.0,660.0,18748.0,did:plc:qvzn322kmcvd7xtnips5xaun,2025-08-04,0.0,2025-08-04 10:49:22+00:00,23.864599230277776,0.6316049862554165,804,0.017487384722463896,0.25476718300137424,0.3212399770976185,132,chronological_political
2184,at://did:plc:wjatbj4hiinxfqaeixaw2bcp/app.bsky.feed.post/3lvl26o7chy2i,bafyreien7g7rdygqzsv2wqvssdwiklzztufjmxy2giifbxtjslt2f2ccau,realtuckfrumper.bsky.social,Tuck | Political Roastmaster,"Diddy Wants A Pardon, But He Hurt Trump’s Fee-Fees https://twp.ai/4ioxsF",,,,0,2,9,0,2025-08-04T11:01:57Z,,,,,,,,,False,realtuckfrumper.bsky.social,1,0.0029093548655509,0.997090578079224,1,0.0194480251520872,0.980551898479462,1,0.0029093548655509,0.997090578079224,1,0.979826927185059,0.0073017287068069,0.0128713492304087,0.055521555,0.0017356873,0.021803947,0.020920247,0.0050317086,0.01052473,0.016749516,0.2562081,0.088600785,0.25922137,0.054982804,0.30333814,0.048805583,0.14081356,Tuck | Political Roastmaster,Roasting politics since 2009. Snark-first commentary for the relentlessly online.,206295.0,143906.0,243667.0,did:plc:wjatbj4hiinxfqaeixaw2bcp,2025-08-04,0.0,2025-08-04 11:01:57+00:00,23.654877008055553,0.6341605698932581,11,0.00023925526361579956,0.16035317418367917,-0.41547796378606927,133,reranked_political
529,at://did:plc:i3fhjvvkbmirhyu4aeihhrnv/app.bsky.feed.post/3lvkzhkjkin2k,bafyreiee5ajjzdke2zn2r75s6yho3u7q5biesofztyyomzvgszlg4nwcgi,wsj.com,The Wall Street Journal,Heard on the Street: The magnitude of the cash savings from this summer’s federal tax legislation is starting to take shape at America’s biggest companies.,,,,5,2,9,0,2025-08-04T10:49:03Z,,,,,,,,,False,wsj.com,1,0.0022737069521099,0.997726261615753,0,0.989835321903229,0.0101646771654487,1,0.0022737069521099,0.997726261615753,3,0.119205608963966,0.0192394070327282,0.86155503988266,0.008105109,0.00049829483,0.0069333725,0.009750174,0.0016649036,0.006168481,0.0043053334,0.112080015,0.07972708,0.069049425,0.27556258,0.18884712,0.33735287,0.47621834,The Wall Street Journal,"Since 1889 🗞️

Sign up for our newsletters and alerts: http://wsj.com/newsletters
Got a tip? http://wsj.com/tips
Follow our staff: https://go.bsky.app/2ppWqxF",152609.0,54.0,5933.0,did:plc:i3fhjvvkbmirhyu4aeihhrnv,2025-08-04,0.0,2025-08-04 10:49:03+00:00,23.869877008055553,0.631540806575866,16,0.0003480076561684357,0.11862302798903074,0.8592715391197779,134,chronological_political
2385,at://did:plc:fxlyr6bdsgo5luhsz7hzzrta/app.bsky.feed.post/3lvl3awpmws2c,bafyreiaqycgblfadroqylbry3cbyp5czot27ms6quv275vuqtqlrfmfjuq,corybooker.com,Cory Booker,"Important words.

Thank you @attorneykate.bsky.social for this important post.",,,,2,21,50,0,2025-08-04T11:21:10Z,,,,,,,,,False,corybooker.com,0,0.992099940776825,0.0079000638797879,0,0.98901891708374,0.0109810521826148,0,0.992099940776825,0.0079000638797879,2,0.0073746959678828,0.984032094478607,0.0085931913927197,0.005089255,0.0004720688,0.006315869,0.009434202,0.0011931809,0.0060649146,0.0033469545,0.8816854,0.80481184,0.38675448,0.10646603,0.4274001,0.23423527,0.92759407,Cory Booker,U.S. Senator from New Jersey. ,190927.0,16.0,490.0,did:plc:fxlyr6bdsgo5luhsz7hzzrta,2025-08-04,0.0,2025-08-04 11:21:10+00:00,23.334599230277778,0.6380833030188667,73,0.001587784931268488,0.14840762251808,0.5466996727968958,135,reranked_nonpolitical
2170,at://did:plc:wjatbj4hiinxfqaeixaw2bcp/app.bsky.feed.post/3lvl3gxty4y2i,bafyreiagzo3mz7nbjelvtdwt5o4kb433wudetu6qj27qo2hhx7fcphqta4,realtuckfrumper.bsky.social,Tuck | Political Roastmaster,'That's just not true!' Morning Joe wrecks Trump's scramble to justify shock firing https://twp.ai/4ioxx2,,,,0,0,2,0,2025-08-04T11:24:30Z,,,,,,,,,False,realtuckfrumper.bsky.social,1,0.0024702700320631,0.997529804706573,1,0.0211279187351465,0.978872120380402,1,0.0024702700320631,0.997529804706573,3,0.0331732593476772,0.0043860487639904,0.962440669536591,0.09525062,0.0026893616,0.026831545,0.02119352,0.004680229,0.029933142,0.016749516,0.21123351,0.10744284,0.22143239,0.06957339,0.11621268,0.052624613,0.14889477,Tuck | Political Roastmaster,Roasting politics since 2009. Snark-first commentary for the relentlessly online.,206295.0,143906.0,243667.0,did:plc:wjatbj4hiinxfqaeixaw2bcp,2025-08-04,0.0,2025-08-04 11:24:30+00:00,23.27904367472222,0.6387662077673328,2,4.3500957021054466e-05,0.16035317418367917,-0.4205416679619759,136,reranked_political
672,at://did:plc:aonrplpou355iyrtvtimbj2q/app.bsky.feed.post/3lvkzfrfgim25,bafyreib2abjpgi3koqwwsl6tbpcxny7rv5udkhoyfimmz3cryolhwdgzeq,newsweek.com,Newsweek,"President Trump called Charlamagne tha God a ""low IQ individual"" after the radio host appeared on Lara Trump's Fox News show.",,,,4,2,5,1,2025-08-04T10:48:01Z,,,,,,,,,False,newsweek.com,1,0.0032064297702163,0.996793568134308,1,0.0398160703480244,0.96018385887146,1,0.0032064297702163,0.996793568134308,3,0.0745342373847961,0.0040000048466026,0.921465814113617,0.3375374,0.0059127808,0.36537176,0.041160982,0.08831879,0.0076119336,0.009672256,0.26038522,0.18747956,0.091476426,0.12436983,0.33100215,0.20890829,0.47185203,Newsweek,"Newsweek provides in-depth analysis, news and opinion about international issues, technology, business, culture and politics.
",89670.0,31.0,7175.0,did:plc:aonrplpou355iyrtvtimbj2q,2025-08-04,0.0,2025-08-04 10:48:01+00:00,23.887099230277776,0.6313314235060534,12,0.0002610057421263268,0.06970052172398998,-0.37055936367951775,137,chronological_political
3332,at://did:plc:6m7rbdgaz5vyg4bnbefi7kh6/app.bsky.feed.post/3lvl2wfccc22q,bafyreieol5vbmbdge7k5c2szrqu7eynugumamw2fxjhpjl6chumdfximzu,crampell.bsky.social,Catherine Rampell,How Cuts to the Insurance Marketplaces Will Harm Entrepreneurs open.substack.com/pub/briefing...,,,,4,14,34,4,2025-08-04T11:15:14Z,,,,,,,,,False,crampell.bsky.social,1,0.0081148548051714,0.991885185241699,1,0.15614826977253,0.843851745128632,1,0.0081148548051714,0.991885185241699,3,0.0843274295330048,0.0080570010468363,0.907615482807159,0.02402467,0.0010108948,0.009564889,0.012551232,0.0029043318,0.008919456,0.005337434,0.10591581,0.078865536,0.50412613,0.02743055,0.19664992,0.05456208,0.31002498,Catherine Rampell,"MSNBC anchor/co-host of The Weekend: Primetime, Sat/Sun 6-9pm. Fmrly WashPost syndicated op-ed columnist. Currently on leave. 
Econ, politics, immigration, tax, etc. + occasional theater nerdery.",148426.0,627.0,2860.0,did:plc:6m7rbdgaz5vyg4bnbefi7kh6,2025-08-04,0.0,2025-08-04 11:15:14+00:00,23.433488119166665,0.6368695384611657,56,0.001218026796589525,0.11537158065579275,-0.4583973414708994,138,reranked_political
663,at://did:plc:j4eroku3volozvv6ljsnnfec/app.bsky.feed.post/3lvkzfg5ps62d,bafyreiafyec37susha2i2q4s3ho4h5fo7hatzco4c7ryfv3bem7ouhn2ny,huffpost.com,HuffPost,The senator trolled the president with the meme of the summer.,,,,0,2,10,0,2025-08-04T10:47:50Z,,,,,,,,,False,huffpost.com,1,0.002361403312534,0.997638583183289,1,0.0522537305951118,0.947746217250824,1,0.002361403312534,0.997638583183289,2,0.239867597818375,0.746825337409973,0.0133071066811681,0.22846605,0.0028800964,0.16773392,0.028093686,0.011173353,0.0084793,0.010969753,0.16764005,0.050155595,0.054288823,0.06338342,0.15477188,0.0665686,0.39307475,HuffPost,"🚨 Fair and fearless reporting since 2005. 🚨

Got a scoop? Send us news tips here 🔍 https://tips.huffpost.com",103336.0,53.0,13155.0,did:plc:j4eroku3volozvv6ljsnnfec,2025-08-04,0.0,2025-08-04 10:47:50+00:00,23.89015478583333,0.6312942821483183,12,0.0002610057421263268,0.0803231082064261,-0.5503514789480469,139,chronological_political
598,at://did:plc:jbvnehrrdqoulco4rf5gxg5r/app.bsky.feed.post/3lvl2nbhnko2d,bafyreid7ocps242gmgyoxcncnbdo5db5cdc5mp5yzxfqk6dypvodj3roqa,reuters.com,Reuters,BioNTech's Q2 revenues double on higher COVID vaccine sales reut.rs/4mv2jsK,,,,1,1,6,0,2025-08-04T11:10:07Z,,,,,,,,,False,reuters.com,0,0.725145876407623,0.274854123592377,0,0.984450280666351,0.0155497184023261,0,0.725145876407623,0.274854123592377,2,0.0123959593474865,0.976899206638336,0.0107048032805324,0.02685301,0.0021457672,0.013174911,0.019007329,0.0040327664,0.0071588317,0.016749516,0.0922283,0.16659996,0.080540396,0.11220652,0.14164105,0.20229156,0.43749967,Reuters,,272224.0,143.0,27580.0,did:plc:jbvnehrrdqoulco4rf5gxg5r,2025-08-04,0.0,2025-08-04 11:10:07+00:00,23.518765896944444,0.6358246911804121,8,0.00017400382808421786,0.21159980847319557,0.5444718957420991,140,reranked_nonpolitical
3678,at://did:plc:6y2b4lqfw2j3oyycegx3ey7q/app.bsky.feed.post/3lvl35y7cmk2p,bafyreicpovf7bpcz4u36g4b35vl6bxmcu33jv42rcb4zqcjmw5ynuuunqa,jeffjarvis.bsky.social,Jeff (Gutenberg Parenthesis) Jarvis,"A few weeks, ago, I posted video of the Scheiß AfD Jodler (Shit AfD Yodellers) song ruining an interview with the fascist party head. Here's a feature about them. We need a Shit Donald Trump choir in DC. 
www.theguardian.com/world/2025/a...",,,,1,5,32,2,2025-08-04T11:19:29Z,,,,,,,,,False,jeffjarvis.bsky.social,1,0.0086164968088269,0.99138343334198,1,0.0208002794533968,0.979199707508087,1,0.0086164968088269,0.99138343334198,1,0.97441577911377,0.0108758267015219,0.0147084267809987,0.5972042,0.16960317,0.5362655,0.5865656,0.2831485,0.022853967,0.124132246,0.63283473,0.2230082,0.07007079,0.117999926,0.6576112,0.2393922,0.39307475,Jeff (Gutenberg Parenthesis) Jarvis,"Visiting prof @Stony Brook; fellow @Montclair State; emeritus prof @CUNY's Newmark School of Journalism. Co-host: This Week in Google, AI Inside. Author of The Gutenberg Parenthesis, Magazine, The Web We Weave, available at: https://jeffjarvis.com ",138113.0,1897.0,11356.0,did:plc:6y2b4lqfw2j3oyycegx3ey7q,2025-08-04,0.0,2025-08-04 11:19:29+00:00,23.36265478583333,0.6377387136144131,40,0.0008700191404210892,0.1073552822222084,-0.47976355167314505,141,reranked_political
1920,at://did:plc:bak7f4b3jsiqlpyo6o4ejaji/app.bsky.feed.post/3lvkzf5bdsc22,bafyreiao5pjtydor2q3zjb7yanamkz3ziyxh3sxql5ezgohjkppj2bdvcy,politico.eu,POLITICO Europe,"Big oil producers are preparing to fight for the future of plastic at a global summit in Switzerland this week, facing off against greener adversaries.

But this time, the pro-plastic camp has a formidable hitter in its corner: Donald Trump’s America.",,,,3,7,12,2,2025-08-04T10:47:42Z,,,,,,,,,False,politico.eu,1,0.0032968784216791,0.996703088283539,1,0.0390871614217758,0.960912883281708,1,0.0032968784216791,0.996703088283539,1,0.986876606941223,0.0056168735027313,0.0075065293349325,0.040183347,0.0011920929,0.019934712,0.010006369,0.0053276913,0.008181547,0.0030078357,0.09925278,0.05732464,0.07007079,0.26778153,0.15477188,0.24284612,0.31002498,POLITICO Europe,Nobody knows politics and policy like we do.,225164.0,72.0,13380.0,did:plc:bak7f4b3jsiqlpyo6o4ejaji,2025-08-04,0.0,2025-08-04 10:47:42+00:00,23.892377008055554,0.6312672716242088,24,0.0005220114842526536,0.17502005434883997,0.1211269551872417,142,chronological_political
2186,at://did:plc:wjatbj4hiinxfqaeixaw2bcp/app.bsky.feed.post/3lvkzkut5k32o,bafyreigarcp675pzbxzcybw4xgo4zqwylxvnm6ljzwz2rgrgamy7i5vmqa,realtuckfrumper.bsky.social,Tuck | Political Roastmaster,Jasmine Crockett Speaks Out After Dems Flee Texas—'Get Aggressive' https://twp.ai/4ioxsp,,,,2,2,5,0,2025-08-04T10:50:53Z,,,,,,,,,False,realtuckfrumper.bsky.social,1,0.0023087204899638,0.99769127368927,1,0.0225211102515459,0.977478861808777,1,0.0023087204899638,0.99769127368927,3,0.0102020585909486,0.0035599872935563,0.9862380027771,0.1140901,0.0050354004,0.025929155,0.035900343,0.033269364,0.063675895,0.032555398,0.34428877,0.12279678,0.13265374,0.018415017,0.29427764,0.056517217,0.34852296,Tuck | Political Roastmaster,Roasting politics since 2009. Snark-first commentary for the relentlessly online.,206295.0,143906.0,243667.0,did:plc:wjatbj4hiinxfqaeixaw2bcp,2025-08-04,0.0,2025-08-04 10:50:53+00:00,23.8393214525,0.6319124635787167,9,0.00019575430659474509,0.16035317418367917,-0.4875256419743695,143,reranked_political
883,at://did:plc:ck7aajho5ziqo6lrs64rm4oc/app.bsky.feed.post/3lvkze4rtfl27,bafyreiblqiep7inhrw2l2zcabaehbggtele4mowffnpqj4ryuuqmnuxk64,nypost.com,New York Post ,Man caught having three marriages at the same time learns his fate during sentencing,,,,0,1,1,0,2025-08-04T10:47:07Z,,,,,,,,,False,nypost.com,1,0.412390291690826,0.587609708309174,0,0.983211278915405,0.0167887415736914,1,0.412390291690826,0.587609708309174,2,0.102312624454498,0.787609457969666,0.110077910125256,0.08795626,0.0028800964,0.018323302,0.023243073,0.023796257,0.013424582,0.040269602,0.10090817,0.29028806,0.15779574,0.08775315,0.48850536,0.06350499,0.40670285,New York Post ,,2660.0,4.0,52505.0,did:plc:ck7aajho5ziqo6lrs64rm4oc,2025-08-04,0.0,2025-08-04 10:47:07+00:00,23.902099230277777,0.6311491141687372,2,4.3500957021054466e-05,0.0020676189114064163,0.13702652095800774,144,chronological_political
1149,at://did:plc:5o6k7jvowuyaquloafzn3cfw/app.bsky.feed.post/3lvl32cgow22p,bafyreictmazmlahp6ugx4b2s2bg4jfh2623pvvsqsyzaqgwre36lqhfuaq,thetnholler.bsky.social,The Tennessee Holler ,🔥 👀,,,,4,26,111,0,2025-08-04T11:17:26Z,,,,,,,,,False,thetnholler.bsky.social,0,0.987882375717163,0.0121176112443209,0,0.95441061258316,0.0455893464386463,0,0.987882375717163,0.0121176112443209,2,0.0197056159377098,0.946067273616791,0.0342271365225315,0.0665887,0.0073623657,0.017485369,0.1067334,0.004125261,0.008414571,0.095671326,0.68710047,0.43557617,0.5246426,0.19622535,0.53143644,0.07600712,0.6736572,The Tennessee Holler ,Yelling the truth about Tennessee. ,334807.0,1129.0,8754.0,did:plc:5o6k7jvowuyaquloafzn3cfw,2025-08-04,0.0,2025-08-04 11:17:26+00:00,23.3968214525,0.6373193164302139,141,0.0030668174699843395,0.2602455958162586,0.5065230259109308,145,reranked_nonpolitical
2180,at://did:plc:wjatbj4hiinxfqaeixaw2bcp/app.bsky.feed.post/3lvl2ig2eq52s,bafyreig5f2b6w2f47gb5dp5qsptdpqlkonx4jkjile4mtncdgxsjl6knmm,realtuckfrumper.bsky.social,Tuck | Political Roastmaster,'Beyond the valley of madness': Rick Wilson says Trump is filling Wall St. with dread https://twp.ai/4ioxvB,,,,3,4,10,0,2025-08-04T11:07:24Z,,,,,,,,,False,realtuckfrumper.bsky.social,1,0.0025558148045092,0.997444152832031,1,0.0219102390110493,0.978089690208435,1,0.0025558148045092,0.997444152832031,3,0.140850156545639,0.0069846818223595,0.852165222167969,0.25462922,0.006752014,0.16809943,0.08419759,0.03223813,0.013579931,0.04079962,0.3395551,0.10744284,0.08704651,0.059745956,0.25015506,0.05456208,0.29574555,Tuck | Political Roastmaster,Roasting politics since 2009. Snark-first commentary for the relentlessly online.,206295.0,143906.0,243667.0,did:plc:wjatbj4hiinxfqaeixaw2bcp,2025-08-04,0.0,2025-08-04 11:07:24+00:00,23.56404367472222,0.6352706319919872,17,0.00036975813467896295,0.16035317418367917,-0.5292024814694913,146,reranked_political
2563,at://did:plc:yazbevg3wkzp5llnzb44tqgh/app.bsky.feed.post/3lvkzbvcdwk2c,bafyreibwpo4shirnaqucemdvm3hdf34pqrueqf2csd6ucjaops2brafoe4,kyivindependent.com,The Kyiv Independent,"⚡️5 Russian fighter jets hit by Ukraine's SBU in drone operation in occupied Crimea, one destroyed.

Drones operated by Ukraine's Security Service (SBU) targeted an airfield in the city of Saky.",,,,0,27,216,1,2025-08-04T10:45:56Z,,,,,,,,,False,kyivindependent.com,1,0.0056311325170099,0.994368851184845,0,0.980456352233887,0.0195436142385006,1,0.0056311325170099,0.994368851184845,2,0.0089867431670427,0.968297243118286,0.0227160174399614,0.036870047,0.002231598,0.010628895,0.01128734,0.009619443,0.02371728,0.003921982,0.23565333,0.18324682,0.08485947,0.2182394,0.43171954,0.2359522,0.36811587,The Kyiv Independent,"Independent English-language journalism in Ukraine

Become a member: http://kyivindependent.com/membership/
One-time donation: https://kyivindependent.com/membership/?interval=onetime",181211.0,14.0,10124.0,did:plc:yazbevg3wkzp5llnzb44tqgh,2025-08-04,0.0,2025-08-04 10:45:56+00:00,23.921821452499998,0.6309094912632522,244,0.005307116756568644,0.14085537238904816,0.6615087750907095,147,chronological_political
879,at://did:plc:ck7aajho5ziqo6lrs64rm4oc/app.bsky.feed.post/3lvl355zlgf23,bafyreib6uuite7xxxb6mlh6cvpermucwajiaeikardjbehfdw54ndokvnu,nypost.com,New York Post ,‘The View’ co-host describes Harris interview as ‘microcosm of everything that’s wrong’ with Dem Party,,,,0,0,0,0,2025-08-04T11:19:01Z,,,,,,,,,False,nypost.com,1,0.0023870093282312,0.997612953186035,1,0.0800755172967911,0.919924437999725,1,0.0023870093282312,0.997612953186035,3,0.0147098787128925,0.0040838569402694,0.981206238269806,0.11202335,0.0019359589,0.05144889,0.020100424,0.016058605,0.007741391,0.010026119,0.26881334,0.092282765,0.09724766,0.057352178,0.16817981,0.0686341,0.3196519,New York Post ,,2660.0,4.0,52505.0,did:plc:ck7aajho5ziqo6lrs64rm4oc,2025-08-04,0.0,2025-08-04 11:19:01+00:00,23.37043256361111,0.6376432168287186,0,0.0,0.0020676189114064163,-0.5468234711136395,148,reranked_political
2187,at://did:plc:wjatbj4hiinxfqaeixaw2bcp/app.bsky.feed.post/3lvkzbkdywz2f,bafyreidbrjvwmyyud76xs4kllrv7dbongluyn3gxewmy2lzpxlu4ra4vge,realtuckfrumper.bsky.social,Tuck | Political Roastmaster,"The incredible global collapse of fur production, explained in one chart https://twp.ai/4ioxpf",,,,3,2,9,0,2025-08-04T10:45:41Z,,,,,,,,,False,realtuckfrumper.bsky.social,1,0.0167469792068005,0.983253002166748,0,0.952069163322449,0.0479307919740677,1,0.0167469792068005,0.983253002166748,1,0.674694657325745,0.0713826864957809,0.253922611474991,0.02308189,0.0015640259,0.008747884,0.017777596,0.006474625,0.008841781,0.019344512,0.26881334,0.092282765,0.2688226,0.140886,0.2763869,0.12743711,0.42020884,Tuck | Political Roastmaster,Roasting politics since 2009. Snark-first commentary for the relentlessly online.,206295.0,143906.0,243667.0,did:plc:wjatbj4hiinxfqaeixaw2bcp,2025-08-04,1.0,2025-08-04 10:45:41+00:00,23.925988119166668,0.6308588783473121,14,0.0003045066991473812,0.16035317418367917,2.3382436716828714,149,chronological_political
2583,at://did:plc:mfrcz3kv7bsth54bkyrridp5/app.bsky.feed.post/3lvl34hvisc2g,bafyreidtmoczfawplay4ib4zaqjyfilssnjyaf5ly7urohiyhkzsdgtgg4,sundaedivine.bsky.social,𝕊𝕦𝕟𝕕𝕒𝕖 𝔾𝕦𝕣𝕝,,,,,0,0,1,0,2025-08-04T11:18:39Z,at://did:plc:yjht7dluv6x5mkczvzrbgzwb/app.bsky.feed.post/3lvkzv4hgrs27,at://did:plc:mfrcz3kv7bsth54bkyrridp5/app.bsky.feed.post/3lvkutrqzcs2j,,,,,,,False,sundaedivine.bsky.social,0,0.988573551177979,0.0114264748990536,0,0.960817217826843,0.0391828007996082,0,0.988573551177979,0.0114264748990536,2,0.0222506746649742,0.943722128868103,0.0340272225439548,0.017718147,0.0015830994,0.009678889,0.016957775,0.003884775,0.007301235,0.0143904295,0.5983713,0.40077096,0.50412613,0.23322205,0.48464248,0.079235196,0.7038609,𝕊𝕦𝕟𝕕𝕒𝕖 𝔾𝕦𝕣𝕝,"Laugh at the absurd, ponder the peculiar, and celebrate the sheer randomness of existence. DCist.",180472.0,9459.0,7797.0,did:plc:mfrcz3kv7bsth54bkyrridp5,2025-08-04,0.0,2025-08-04 11:18:39+00:00,23.37654367472222,0.6375681936719234,1,2.1750478510527233e-05,0.14028094743584163,0.4944762823216938,150,reranked_nonpolitical
663,at://did:plc:j4eroku3volozvv6ljsnnfec/app.bsky.feed.post/3lvkzfg5ps62d,bafyreiafyec37susha2i2q4s3ho4h5fo7hatzco4c7ryfv3bem7ouhn2ny,huffpost.com,HuffPost,The senator trolled the president with the meme of the summer.,,,,0,2,10,0,2025-08-04T10:47:50Z,,,,,,,,,False,huffpost.com,1,0.002361403312534,0.997638583183289,1,0.0522537305951118,0.947746217250824,1,0.002361403312534,0.997638583183289,2,0.239867597818375,0.746825337409973,0.0133071066811681,0.22846605,0.0028800964,0.16773392,0.028093686,0.011173353,0.0084793,0.010969753,0.16764005,0.050155595,0.054288823,0.06338342,0.15477188,0.0665686,0.39307475,HuffPost,"🚨 Fair and fearless reporting since 2005. 🚨

Got a scoop? Send us news tips here 🔍 https://tips.huffpost.com",103336.0,53.0,13155.0,did:plc:j4eroku3volozvv6ljsnnfec,2025-08-04,0.0,2025-08-04 10:47:50+00:00,23.89015478583333,0.6312942821483183,12,0.0002610057421263268,0.0803231082064261,-0.5503514789480469,151,reranked_political
618,at://did:plc:d2jith367s6ybc3ldsusgdae/app.bsky.feed.post/3lvkzaos6h32v,bafyreiaaqcyagqkzbjri7heyyn7fsk2g3zrhu4u7dcxfqenpq4kmb36d7e,latimes.com,Los Angeles Times,'It needs more water': Calls grow for boosting Mono Lake by easing L.A.'s water reliance,,,,0,1,1,0,2025-08-04T10:45:11Z,,,,,,,,,False,latimes.com,1,0.0425047911703587,0.957495212554932,0,0.989654004573822,0.0103460559621453,1,0.0425047911703587,0.957495212554932,1,0.909723222255707,0.0844294652342796,0.0058472570963203,0.00804228,0.00061035156,0.0069808727,0.010108846,0.002192123,0.0064468146,0.0036713288,0.08591893,0.15040267,0.09259545,0.20716603,0.20850179,0.37944743,0.4111868,Los Angeles Times,"News from a West Coast perspective.

Read more at www.latimes.com.",78395.0,143.0,8266.0,did:plc:d2jith367s6ybc3ldsusgdae,2025-08-04,1.0,2025-08-04 10:45:11+00:00,23.9343214525,0.6307576646959369,2,4.3500957021054466e-05,0.06093646036079173,2.6733866617152917,152,chronological_political
1766,at://did:plc:eernnjdfxx77jg5atshgmfga/app.bsky.feed.post/3lvl2sh7epa2q,bafyreiahyafucqyrprx4cnm76va2wbnw7xebnx6qqmo633stlcny5xvxy4,davidsirota.com,David Sirota,"🚨LEVER TIME: Trump’s billionaire private equity booster is on tape saying his “dream” is to get access to Americans’ retirement savings — now Trump may let private equity loot your 401k.

We air the billionaire’s audio on LEVER TIME — you gotta hear it👇

www.levernews.com/your-401-k-i...",,,,0,11,17,1,2025-08-04T11:13:01Z,,,,,,,,,True,sifill.bsky.social,1,0.0022228304296731,0.997777163982391,1,0.0191373880952597,0.980862617492676,1,0.0022228304296731,0.997777163982391,1,0.985974013805389,0.0065451483242213,0.0074807880446314,0.08953904,0.0016212463,0.039444692,0.013849284,0.0037737815,0.007081157,0.0047181738,0.4578922,0.10248567,0.13265374,0.19985782,0.34038833,0.16179405,0.27199435,,,,,,,2025-08-04,0.0,2025-08-04 11:13:01+00:00,23.470432563611112,0.6364166741225309,29,0.0006307638768052897,,,153,reranked_political
884,at://did:plc:ck7aajho5ziqo6lrs64rm4oc/app.bsky.feed.post/3lvkz6lzy452o,bafyreigjxtm6mgadgxv7khb4poo2xiacgj5jjy32ajfrklngtj7sslzlj4,nypost.com,New York Post ,Meghan Markle’s ex-BFF Jessica Mulroney ‘regrets’ being friends with ‘dark cloud’ duchess: report,,,,0,0,1,0,2025-08-04T10:44:02Z,,,,,,,,,False,nypost.com,1,0.0045715719461441,0.995428442955017,0,0.94898533821106,0.0510147251188755,1,0.0045715719461441,0.995428442955017,2,0.241480082273483,0.454673111438751,0.303846836090088,0.30427247,0.01083374,0.25998658,0.20016506,0.06929302,0.011430934,0.17226912,0.3395551,0.52482206,0.38675448,0.08375148,0.6071397,0.10297144,0.47621834,New York Post ,,2660.0,4.0,52505.0,did:plc:ck7aajho5ziqo6lrs64rm4oc,2025-08-04,0.0,2025-08-04 10:44:02+00:00,23.953488119166668,0.630524934918605,1,2.1750478510527233e-05,0.0020676189114064163,0.04520052828138274,154,chronological_political
2587,at://did:plc:mfrcz3kv7bsth54bkyrridp5/app.bsky.feed.post/3lvl2k4kbjs2g,bafyreifubforflzsbgt7nt6lrtdeow4a4vxbczj4xvjdwani3yq33nsp24,sundaedivine.bsky.social,𝕊𝕦𝕟𝕕𝕒𝕖 𝔾𝕦𝕣𝕝,Rust never sleeps - it’s going to take a constant effort over many years.,,,,0,0,0,0,2025-08-04T11:08:21Z,at://did:plc:igpnqsziwwf7fjlmdihklgl4/app.bsky.feed.post/3lvkzz3c5os2s,at://did:plc:mfrcz3kv7bsth54bkyrridp5/app.bsky.feed.post/3lvkydf563k2j,,,,,,,False,sundaedivine.bsky.social,0,0.992599248886108,0.0074008144438266,0,0.986641108989716,0.0133588863536716,0,0.992599248886108,0.0074008144438266,2,0.0087047591805458,0.980991363525391,0.0103038996458054,0.018974753,0.0007724762,0.010590895,0.010945748,0.0027193425,0.0071199946,0.005337434,0.50845575,0.46045768,0.0,0.05854601,0.3833935,0.21222912,0.7631247,𝕊𝕦𝕟𝕕𝕒𝕖 𝔾𝕦𝕣𝕝,"Laugh at the absurd, ponder the peculiar, and celebrate the sheer randomness of existence. DCist.",180472.0,9459.0,7797.0,did:plc:mfrcz3kv7bsth54bkyrridp5,2025-08-04,0.0,2025-08-04 11:08:21+00:00,23.548210341388888,0.6354643278323642,0,0.0,0.14028094743584163,0.43905033886141714,155,reranked_nonpolitical
3093,at://did:plc:f5j66gguacu2rqrqxdqzozpa/app.bsky.feed.post/3lvl23yfaqk2z,bafyreiamulzpvhbjqdogbhx4walt7y6qzxwicywi24ey7vjk4rbovpfw54,bachynski.bsky.social,Kathleen Bachynski ,"“Like their four-year counterparts, community colleges are grappling with disappearing federal grants, shuttered D.E.I. offices, eliminated programs… many of the grants that fund financial aid for low-income students and the staff that support them have been eliminated or threatened”",,,,3,44,82,2,2025-08-04T11:00:28Z,,,,,,,,,True,donmoyn.bsky.social,1,0.0025406519416719,0.997459352016449,0,0.848426699638367,0.151573300361633,1,0.0025406519416719,0.997459352016449,1,0.847779273986816,0.146485656499863,0.0057351575233042,0.028149333,0.0011205673,0.011654901,0.010569996,0.0032743104,0.009722093,0.0042463564,0.22748272,0.68765694,0.1426516,0.39891782,0.6097354,0.49842337,0.52978563,,,,,,,2025-08-04,1.0,2025-08-04 11:00:28+00:00,23.679599230277777,0.6338587788524803,131,0.002849312684879067,,,156,reranked_political
2591,at://did:plc:mfrcz3kv7bsth54bkyrridp5/app.bsky.feed.post/3lvkz3zkjwk2g,bafyreib2t3xqxc5puejtzrnnaxsolm52zyh2me5elmrnpymclrutuoq4qq,sundaedivine.bsky.social,𝕊𝕦𝕟𝕕𝕒𝕖 𝔾𝕦𝕣𝕝,It’s not specifically about Schumer. It’s about the need to move our party forward. You should read it and let me know what you think.,,,,2,0,0,0,2025-08-04T10:42:34Z,at://did:plc:s6tpozozxim7qdbp5jcpqfjy/app.bsky.feed.post/3lvkyl5zlg22p,at://did:plc:mfrcz3kv7bsth54bkyrridp5/app.bsky.feed.post/3lvkydf563k2j,,,,,,,False,sundaedivine.bsky.social,1,0.0021634171716868,0.997836649417877,0,0.984849095344543,0.0151508497074246,1,0.0021634171716868,0.997836649417877,1,0.982857823371887,0.007934489287436,0.0092076901346445,0.017718147,0.0006055832,0.010362893,0.010365041,0.0022013725,0.0066668927,0.004187379,0.8740744,0.4579505,0.5196182,0.12764418,0.08068237,0.3390547,0.863324,𝕊𝕦𝕟𝕕𝕒𝕖 𝔾𝕦𝕣𝕝,"Laugh at the absurd, ponder the peculiar, and celebrate the sheer randomness of existence. DCist.",180472.0,9459.0,7797.0,did:plc:mfrcz3kv7bsth54bkyrridp5,2025-08-04,0.0,2025-08-04 10:42:34+00:00,23.97793256361111,0.630228244719442,2,4.3500957021054466e-05,0.14028094743584163,0.6832190968481334,157,chronological_political
1747,at://did:plc:mjh257xyug2mpodoyy3he5ih/app.bsky.feed.post/3lvl2teypws2o,bafyreidqtzf3p4m34b4zlk2jrj2oscdqj6du5a7gyjnqztt436qxz3ify4,pixelatedboat.bsky.social,pixelatedboat aka “mr bluesky”,Thank you Meta AI,,,,14,18,147,3,2025-08-04T11:13:37Z,,,,,,,,,False,pixelatedboat.bsky.social,0,0.992464661598206,0.0075354035943746,0,0.986258864402771,0.0137411644682288,0,0.992464661598206,0.0075354035943746,2,0.0091967536136508,0.980188488960266,0.0106147499755025,0.014136819,0.0012493134,0.009089886,0.014088398,0.0038292783,0.007262398,0.008905552,0.6906244,0.4654836,0.47290605,0.13423505,0.4535681,0.06759904,0.8463914,pixelatedboat aka “mr bluesky”,The 76th most followed account on bluesky. I will NOT be updating this ranking when it’s no longer true,243678.0,561.0,2909.0,did:plc:mjh257xyug2mpodoyy3he5ih,2025-08-04,0.0,2025-08-04 11:13:37+00:00,23.46043256361111,0.6365392221486076,182,0.003958587088915956,0.18941099289236565,0.3964127147515298,158,reranked_nonpolitical
661,at://did:plc:j4eroku3volozvv6ljsnnfec/app.bsky.feed.post/3lvl2dk5keu26,bafyreieckomr2ntlzfe7evfa3aucztkjpwevednbo5xstqchxvegubuuea,huffpost.com,HuffPost,Here’s the thing about dating in your 40s and being a dating and relationships writer: You think you’ve learned something.,,,,0,0,0,0,2025-08-04T11:04:41Z,,,,,,,,,False,huffpost.com,0,0.993276119232178,0.0067239254713058,0,0.989200115203857,0.0107998289167881,0,0.993276119232178,0.0067239254713058,2,0.024787075817585,0.966595649719238,0.0086172558367252,0.063423134,0.0019168854,0.0233509,0.018255826,0.00725158,0.007417747,0.033263125,0.4624895,0.44547683,0.28491214,0.12436983,0.5098438,0.16977213,0.6942594,HuffPost,"🚨 Fair and fearless reporting since 2005. 🚨

Got a scoop? Send us news tips here 🔍 https://tips.huffpost.com",103336.0,53.0,13155.0,did:plc:j4eroku3volozvv6ljsnnfec,2025-08-04,0.0,2025-08-04 11:04:41+00:00,23.609321452499998,0.634717055612092,0,0.0,0.0803231082064261,0.39431702878224134,159,reranked_nonpolitical
2839,at://did:plc:qqxqxgdu5z3he2piqfbfaku4/app.bsky.feed.post/3lvl2p72zcz2b,bafyreiahhkq7mejgjh6jwlatzexejh2thwwciixndde5y7mscsqqa5nmoy,lemonde.fr,Le Monde,La Corée du Sud retire des haut-parleurs utilisés pour diffuser de la K-pop et des bulletins d’information en direction de la Corée du Nord,,,,0,2,4,0,2025-08-04T11:11:12Z,,,,,,,,,False,lemonde.fr,0,0.992983222007751,0.0070168236270546,0,0.986132502555847,0.0138675151392817,0,0.992983222007751,0.0070168236270546,2,0.0117601873353124,0.973909318447113,0.0143304830417037,0.0061573703,0.00032424927,0.009146886,0.008166039,0.0014706649,0.0053949715,0.00333221,0.083433405,0.37545913,0.38366714,0.08375148,0.60584456,0.1444597,0.5026815,Le Monde,« Le Monde » est un journal français fondé par Hubert Beuve-Méry en 1944. C'est aussi un compte Bluesky qui poste l'actualité en continu de façon automatisée.,163932.0,87.0,30922.0,did:plc:qqxqxgdu5z3he2piqfbfaku4,2025-08-04,0.0,2025-08-04 11:11:12+00:00,23.50071034138889,0.6360457697760374,6,0.0001305028710631634,0.12742439976867542,0.38377095120250115,160,reranked_nonpolitical
2590,at://did:plc:mfrcz3kv7bsth54bkyrridp5/app.bsky.feed.post/3lvkz5vmfwk2g,bafyreidldcgobhy3nhlxb4rln7tyr6gsr3uep4fud7p3l5n2lhcmndrfly,sundaedivine.bsky.social,𝕊𝕦𝕟𝕕𝕒𝕖 𝔾𝕦𝕣𝕝,That’s usually the case when a party gets beaten…they wander the desert for a time.,,,,1,1,5,0,2025-08-04T10:43:37Z,at://did:plc:frsz4s3drb7shzw3g6x53x53/app.bsky.feed.post/3lvkz3y7wnk2d,at://did:plc:mfrcz3kv7bsth54bkyrridp5/app.bsky.feed.post/3lvkydf563k2j,,,,,,,False,sundaedivine.bsky.social,0,0.940012991428375,0.0599870942533016,0,0.988667547702789,0.0113324159756303,0,0.940012991428375,0.0599870942533016,2,0.0184595342725515,0.971832692623138,0.0097077433019876,0.10826672,0.0037384033,0.014580919,0.018665737,0.0051797,0.12382901,0.009731233,0.23565333,0.43804434,0.06203085,0.13423505,0.3641711,0.13359126,0.52614826,𝕊𝕦𝕟𝕕𝕒𝕖 𝔾𝕦𝕣𝕝,"Laugh at the absurd, ponder the peculiar, and celebrate the sheer randomness of existence. DCist.",180472.0,9459.0,7797.0,did:plc:mfrcz3kv7bsth54bkyrridp5,2025-08-04,0.0,2025-08-04 10:43:37+00:00,23.96043256361111,0.6304406337296207,7,0.0001522533495736906,0.14028094743584163,0.3757119889723657,161,reranked_nonpolitical
600,at://did:plc:jbvnehrrdqoulco4rf5gxg5r/app.bsky.feed.post/3lvl23vtpnl2h,bafyreiauvaaq5z44mpdj757bairblu2vyiha3c3bwsxp5d4p425jtfb73i,reuters.com,Reuters,Focus: Evercore deal accelerates talent dash as banks anticipate M&A upturn reut.rs/4lZlnzf,,,,1,1,2,0,2025-08-04T11:00:25Z,,,,,,,,,False,reuters.com,0,0.973089218139648,0.0269107427448034,0,0.986905872821808,0.013094118796289,0,0.973089218139648,0.0269107427448034,2,0.0139872366562486,0.976976096630096,0.0090366806834936,0.015707577,0.0010347366,0.008424882,0.014498309,0.003866276,0.00789674,0.0150981555,0.13963868,0.09935612,0.15272859,0.075921565,0.22465663,0.099459566,0.48279697,Reuters,,272224.0,143.0,27580.0,did:plc:jbvnehrrdqoulco4rf5gxg5r,2025-08-04,0.0,2025-08-04 11:00:25+00:00,23.68043256361111,0.6338486086232976,4,8.700191404210893e-05,0.21159980847319557,0.3734033579860415,162,reranked_nonpolitical
2171,at://did:plc:wjatbj4hiinxfqaeixaw2bcp/app.bsky.feed.post/3lvl3gj6tny2b,bafyreieya3kgejomiqv6m6i76vhpvzn2hfwsbqlllx6epdlxv5tfkkot4u,realtuckfrumper.bsky.social,Tuck | Political Roastmaster,'Hero' Dog Defends Boyfriend From Two Bears in Backyard Attack https://twp.ai/4ioxx3,,,,1,1,2,0,2025-08-04T11:24:15Z,,,,,,,,,False,realtuckfrumper.bsky.social,0,0.991728067398071,0.0082719223573803,0,0.980001747608185,0.0199982393532991,0,0.991728067398071,0.0082719223573803,2,0.141906559467316,0.827550649642944,0.030542753636837,0.07687678,0.0041770935,0.017420914,0.03615085,0.011617327,0.03235042,0.037037663,0.23565333,0.33987126,0.19174455,0.08641282,0.5259975,0.14602293,0.38804084,Tuck | Political Roastmaster,Roasting politics since 2009. Snark-first commentary for the relentlessly online.,206295.0,143906.0,243667.0,did:plc:wjatbj4hiinxfqaeixaw2bcp,2025-08-04,0.0,2025-08-04 11:24:15+00:00,23.283210341388887,0.6387149645687016,4,8.700191404210893e-05,0.16035317418367917,0.3708053543349594,163,reranked_nonpolitical
3496,at://did:plc:sv2ivxvf7fxchmo2xamo3wwx/app.bsky.feed.post/3lvl2ssmqj22h,bafyreicxso34lw5v7dvpi3cfs7kdiqhuouejbhuhid7i6zbraoqft6jxyu,eldiario.es,elDiario.es,‼️Un hombre de 85 años muere en Badajoz por la ola de calor,,,,0,8,8,1,2025-08-04T11:12:49Z,,,,,,,,,False,eldiario.es,0,0.993996500968933,0.0060034650377929,0,0.988186240196228,0.0118137383833528,0,0.993996500968933,0.0060034650377929,2,0.0135348821058869,0.97015655040741,0.0163085702806711,0.009550206,0.00092983246,0.006847872,0.010228404,0.0014799143,0.007754337,0.0037008175,0.112080015,0.3150431,0.22753993,0.08507892,0.49822178,0.13513601,0.47621834,elDiario.es,"Periodismo a pesar de todo. Hazte socio, hazte socia http://usuarios.eldiario.es/hazte_socio",143137.0,93.0,12237.0,did:plc:sv2ivxvf7fxchmo2xamo3wwx,2025-08-04,0.0,2025-08-04 11:12:49+00:00,23.473765896944442,0.6363758300236706,17,0.00036975813467896295,0.11126043914360158,0.35951850033492755,164,reranked_nonpolitical
1767,at://did:plc:rjr6nfdzrfngjgc34jjyty6a/app.bsky.feed.post/3lvl3bpqqok24,bafyreiggrwdt45vhzossqxl4zw5flivyxck3e7uecn5xoxk5kf5mbb6hke,sifill.bsky.social,Sherrilyn Ifill,"As I’ve said, not a real board and we should stop calling them that.",,,,1,7,38,0,2025-08-04T11:21:33Z,,,at://did:plc:movn6xzezospl7lnkhy7nzpt/app.bsky.feed.post/3lvkyuoojac2k,,,,,,False,sifill.bsky.social,0,0.971961975097656,0.0280380938202143,0,0.540875554084778,0.4591244161129,0,0.971961975097656,0.0280380938202143,2,0.0093987351283431,0.968379437923431,0.0222218204289675,0.03828422,0.00084400177,0.018838953,0.012004685,0.0030523231,0.006550381,0.0035681187,0.49014506,0.3298799,0.07947273,0.07850564,0.43605614,0.106522456,0.66580975,Sherrilyn Ifill,"Civil rights lawyer; democracy warrior, dedicated to racial justice & equality. Fmr President & Director-Counsel, NAACP Legal Defense & Educational Fund, Inc.",242841.0,521.0,3955.0,did:plc:rjr6nfdzrfngjgc34jjyty6a,2025-08-04,0.0,2025-08-04 11:21:33+00:00,23.32821034138889,0.6381617998975493,46,0.0010005220114842526,0.18876039250558102,0.3572335473954836,165,reranked_nonpolitical
2175,at://did:plc:wjatbj4hiinxfqaeixaw2bcp/app.bsky.feed.post/3lvl2ttxnx52p,bafyreihbzwsfoezo27km3wwbkrq3gg5747s6tid6mmdpgkz73cftn4vk4m,realtuckfrumper.bsky.social,Tuck | Political Roastmaster,"SHOCK VIDEO: Distressed Whale Smashes Into New Jersey Boat, Sending Woman Overboard https://twp.ai/4ioxtk",,,,1,0,0,0,2025-08-04T11:13:48Z,,,,,,,,,False,realtuckfrumper.bsky.social,0,0.989162802696228,0.0108372531831264,0,0.973751366138458,0.0262486282736063,0,0.989162802696228,0.0108372531831264,2,0.0710292756557465,0.904053866863251,0.0249168910086155,0.11067997,0.0061798096,0.022448512,0.05268429,0.030433474,0.05430072,0.056700204,0.21934268,0.510016,0.10072401,0.10077741,0.3217009,0.13513601,0.44173583,Tuck | Political Roastmaster,Roasting politics since 2009. Snark-first commentary for the relentlessly online.,206295.0,143906.0,243667.0,did:plc:wjatbj4hiinxfqaeixaw2bcp,2025-08-04,0.0,2025-08-04 11:13:48+00:00,23.457377008055555,0.6365766720853976,1,2.1750478510527233e-05,0.16035317418367917,0.3524109493857093,166,reranked_nonpolitical
654,at://did:plc:j4eroku3volozvv6ljsnnfec/app.bsky.feed.post/3lvl2dpqqtn27,bafyreihgiwvacm5tiehmi46qffy46akg3bqpdhtm4v4hxrbxpd7wbh5n3y,huffpost.com,HuffPost,It doesn’t gape! It’s an Anthro lookalike! It’s $21!,,,,1,0,1,0,2025-08-04T11:04:46Z,,,,,,,,,False,huffpost.com,0,0.992942333221436,0.0070576537400484,0,0.987061679363251,0.0129383532330394,0,0.992942333221436,0.0070576537400484,2,0.0098002357408404,0.976285696029663,0.0139140607789159,0.031449065,0.0012874603,0.014732921,0.017572641,0.0038107792,0.007145886,0.01209032,0.080970325,0.18747956,0.08485947,0.13423505,0.37855807,0.09598828,0.31482786,HuffPost,"🚨 Fair and fearless reporting since 2005. 🚨

Got a scoop? Send us news tips here 🔍 https://tips.huffpost.com",103336.0,53.0,13155.0,did:plc:j4eroku3volozvv6ljsnnfec,2025-08-04,0.0,2025-08-04 11:04:46+00:00,23.60793256361111,0.6347340293088574,2,4.3500957021054466e-05,0.0803231082064261,0.33352136148692385,167,reranked_nonpolitical
3868,at://did:plc:lzsxyxqebfmpx6jia6wjqgtx/app.bsky.feed.post/3lvl2qoqay225,bafyreigm7epd5bj6viwqbr44hnxsxx4g7tmcsltjfp2wdukz33k37i7t6u,jonathanslater.bsky.social,Jonathan Slater,Need this,,,,2,2,67,2,2025-08-04T11:12:04Z,,,,,,,,,False,jonathanslater.bsky.social,0,0.991589605808258,0.0084104519337415,0,0.954155504703522,0.0458445362746716,0,0.991589605808258,0.0084104519337415,2,0.0459943190217018,0.928615570068359,0.0253900904208422,0.0201057,0.0016403198,0.009431887,0.016821137,0.0039587705,0.008867673,0.014921224,0.5314953,0.39066955,0.6310178,0.14759369,0.47583184,0.048805583,0.6410067,Jonathan Slater,"Help who you can, when you can, for as long as you can. City From Above. We live and we struggle. No DM’s Born April 1. Really!",130498.0,10816.0,7591.0,did:plc:lzsxyxqebfmpx6jia6wjqgtx,2025-08-04,0.0,2025-08-04 11:12:04+00:00,23.486265896944445,0.6362226879975433,73,0.001587784931268488,0.10143614011305056,0.31607408994235947,168,reranked_nonpolitical
2759,at://did:plc:hsogstbdd4htnofbgowhszmb/app.bsky.feed.post/3lvkzlzng772d,bafyreid2xghzuxo6ia53wk52hxqozaflrcnr2nbwhuvctv5s2sp65stk2a,beingliberal.bsky.social,Being Liberal ®🗽🏳️‍🌈,Based on true story,,,,2,11,35,0,2025-08-04T10:51:32Z,,,,,,,,,False,beingliberal.bsky.social,0,0.993048191070557,0.0069518228992819,0,0.977132141590118,0.022867925465107,0,0.993048191070557,0.0069518228992819,2,0.021497942507267,0.952368319034576,0.0261336993426085,0.009738698,0.00082969666,0.0069333725,0.01220964,0.00258985,0.006835188,0.007047772,0.5222607,0.28538823,0.45134112,0.12436983,0.4188109,0.0497534,0.64254296,Being Liberal ®🗽🏳️‍🌈,"Because ""Reality has a well‑known liberal bias"" - 
The oldest social media space for (mostly) American liberals.
Active daily since 2009, 
+ 2.4M audience on FB, IG & Threads
® by Huddled Masses Media, Seattle
https://linktr.ee/beingliberal",169611.0,4187.0,4726.0,did:plc:hsogstbdd4htnofbgowhszmb,2025-08-04,0.0,2025-08-04 10:51:32+00:00,23.828488119166668,0.6320442853923554,48,0.0010440229685053071,0.13183868841449387,0.3149351671868537,169,reranked_nonpolitical
659,at://did:plc:j4eroku3volozvv6ljsnnfec/app.bsky.feed.post/3lvl2dlez5v27,bafyreigyep5on4h7qmnkp7xgth5weptrznl5lb6b2btv3jpvs4xdkn64sa,huffpost.com,HuffPost,"""For a time, the thought of having kids brought on so much anxiety that I kept putting it off.""",,,,0,0,0,0,2025-08-04T11:04:42Z,,,,,,,,,False,huffpost.com,0,0.993734896183014,0.006265094038099,0,0.97176718711853,0.0282328091561794,0,0.993734896183014,0.006265094038099,2,0.0326085053384304,0.954694449901581,0.0126970205456018,0.04785245,0.0014877319,0.01617693,0.015557245,0.0052166977,0.009825659,0.013623727,0.8280393,0.75818527,0.23699021,0.13093169,0.889604,0.092556715,0.4893925,HuffPost,"🚨 Fair and fearless reporting since 2005. 🚨

Got a scoop? Send us news tips here 🔍 https://tips.huffpost.com",103336.0,53.0,13155.0,did:plc:j4eroku3volozvv6ljsnnfec,2025-08-04,0.0,2025-08-04 11:04:42+00:00,23.609043674722223,0.6347204503151326,0,0.0,0.0803231082064261,0.31451165680473175,170,reranked_nonpolitical
1220,at://did:plc:qvzn322kmcvd7xtnips5xaun/app.bsky.feed.post/3lvkzw6cjxk2a,bafyreia4jzfawjhocvyq3znurgaevs3ybj2l5lftq4aiifxxzmmrloed5i,scalzi.com,John Scalzi,I wouldn't wear a hat like that,,,,0,0,2,0,2025-08-04T10:57:10Z,at://did:plc:43pt7wmqw33t5bdger4atq6u/app.bsky.feed.post/3lvkzggux4s25,at://did:plc:43pt7wmqw33t5bdger4atq6u/app.bsky.feed.post/3lvkzggux4s25,,,,,,,False,scalzi.com,0,0.994060218334198,0.0059397681616246,0,0.95208352804184,0.0479164831340313,0,0.994060218334198,0.0059397681616246,2,0.080554336309433,0.856648087501526,0.0627975985407829,0.0926474,0.0028038025,0.019483518,0.026180768,0.008731495,0.010110466,0.0204061,0.61125344,0.3150431,0.16798511,0.06832278,0.7010977,0.07281966,0.5819706,John Scalzi,"I enjoy pie.

Social Media FAQ: https://whatever.scalzi.com/2025/04/16/the-official-john-scalzi-social-media-faq/",327759.0,660.0,18748.0,did:plc:qvzn322kmcvd7xtnips5xaun,2025-08-04,0.0,2025-08-04 10:57:10+00:00,23.734599230277777,0.6331878936293875,2,4.3500957021054466e-05,0.25476718300137424,0.313696068098045,171,reranked_nonpolitical
2179,at://did:plc:wjatbj4hiinxfqaeixaw2bcp/app.bsky.feed.post/3lvl2is4qvq2o,bafyreic6zvqecjxgxgfd466fydpdzo2ielujyogknv44ybctx5hqugkcna,realtuckfrumper.bsky.social,Tuck | Political Roastmaster,Plane Passenger Asks Mom Flying With Son To Swap Seat—Her Reply Says It All https://twp.ai/4ioxvC,,,,1,0,1,0,2025-08-04T11:07:37Z,,,,,,,,,False,realtuckfrumper.bsky.social,0,0.993402779102325,0.0065972488373518,0,0.985057413578033,0.0149426208809018,0,0.993402779102325,0.0065972488373518,2,0.0326174721121788,0.951404511928558,0.0159780289977789,0.032863233,0.001964569,0.009868891,0.022423252,0.0060676485,0.010550622,0.03397085,0.26038522,0.41094556,0.1276825,0.07209374,0.54607326,0.088044226,0.4806,Tuck | Political Roastmaster,Roasting politics since 2009. Snark-first commentary for the relentlessly online.,206295.0,143906.0,243667.0,did:plc:wjatbj4hiinxfqaeixaw2bcp,2025-08-04,0.0,2025-08-04 11:07:37+00:00,23.560432563611112,0.6353148030384793,2,4.3500957021054466e-05,0.16035317418367917,0.3048886917865744,172,reranked_nonpolitical
2169,at://did:plc:wjatbj4hiinxfqaeixaw2bcp/app.bsky.feed.post/3lvl3haaoww2s,bafyreieio2ego6cttgdbqog7hkbkedsjrr7siu66myzljbynyyfbe2rztu,realtuckfrumper.bsky.social,Tuck | Political Roastmaster,'WKRP' icon Loni Anderson dies at 79 https://twp.ai/4ioxx8,,,,0,0,1,0,2025-08-04T11:24:38Z,,,,,,,,,False,realtuckfrumper.bsky.social,0,0.992451012134552,0.0075489589944481,0,0.988404273986816,0.0115956896916032,0,0.992451012134552,0.0075489589944481,2,0.0133067080751061,0.973094940185547,0.013598371297121,0.05651112,0.0049209595,0.013820915,0.031140719,0.010433395,0.04363242,0.035150394,0.13270746,0.6261639,0.13764244,0.04575446,0.4274001,0.10533433,0.63030756,Tuck | Political Roastmaster,Roasting politics since 2009. Snark-first commentary for the relentlessly online.,206295.0,143906.0,243667.0,did:plc:wjatbj4hiinxfqaeixaw2bcp,2025-08-04,0.0,2025-08-04 11:24:38+00:00,23.2768214525,0.63879353915426,1,2.1750478510527233e-05,0.16035317418367917,0.2798700745143118,173,reranked_nonpolitical
1219,at://did:plc:qvzn322kmcvd7xtnips5xaun/app.bsky.feed.post/3lvkzylujs22a,bafyreigzgzdh3m333zckku3g4lzpo7jmpahbyv2nlgz7auct5mne5sq3kq,scalzi.com,John Scalzi,"Yes, that hat is out of line",,,,7,1,57,0,2025-08-04T10:58:31Z,,,at://did:plc:voi77qylhek7naxz3ajghrls/app.bsky.feed.post/3lvkanvzmi22r,,,,,,False,scalzi.com,0,0.993530690670013,0.0064693070016801,0,0.70532500743866,0.294674962759018,0,0.993530690670013,0.0064693070016801,2,0.186323612928391,0.687980592250824,0.125695809721947,0.079250954,0.002412796,0.022770792,0.036651865,0.0051797,0.008013252,0.01604179,0.2815116,0.12279678,0.18341066,0.064608715,0.3689464,0.039574955,0.6207543,John Scalzi,"I enjoy pie.

Social Media FAQ: https://whatever.scalzi.com/2025/04/16/the-official-john-scalzi-social-media-faq/",327759.0,660.0,18748.0,did:plc:qvzn322kmcvd7xtnips5xaun,2025-08-04,0.0,2025-08-04 10:58:31+00:00,23.712099230277776,0.6334622608073789,65,0.00141378110318427,0.25476718300137424,0.2767961981119963,174,reranked_nonpolitical
2589,at://did:plc:mfrcz3kv7bsth54bkyrridp5/app.bsky.feed.post/3lvkzsnxjwc2g,bafyreia6xumqylg54uprhuat3kjkvbwgbnxefa7zniga73pbi46ky6spae,sundaedivine.bsky.social,𝕊𝕦𝕟𝕕𝕒𝕖 𝔾𝕦𝕣𝕝,"Weak character, but very, very powerful. At least for now. That combination worries me.",,,,1,1,38,0,2025-08-04T10:55:14Z,at://did:plc:sfqy6j6ap7iuqib64kjixuef/app.bsky.feed.post/3lvkyu6vows23,at://did:plc:t6ubj2wlhc34awzcymh3qpur/app.bsky.feed.post/3lvkybfelb22y,,,,,,,False,sundaedivine.bsky.social,0,0.993506908416748,0.0064930478110909,0,0.980216920375824,0.0197831075638533,0,0.993506908416748,0.0064930478110909,2,0.186908632516861,0.801674425601959,0.0114169539883733,0.05824285,0.001373291,0.023608726,0.019963788,0.0034592997,0.0079873605,0.009908165,0.60695565,0.44051635,0.1859979,0.10077741,0.24585372,0.061485674,0.7378816,𝕊𝕦𝕟𝕕𝕒𝕖 𝔾𝕦𝕣𝕝,"Laugh at the absurd, ponder the peculiar, and celebrate the sheer randomness of existence. DCist.",180472.0,9459.0,7797.0,did:plc:mfrcz3kv7bsth54bkyrridp5,2025-08-04,0.0,2025-08-04 10:55:14+00:00,23.7668214525,0.6327951796707041,40,0.0008700191404210892,0.14028094743584163,0.2758515447389888,175,reranked_nonpolitical
2963,at://did:plc:czgdhu4ml6yjpkptbytkcwvu/app.bsky.feed.post/3lvl2iupaqs2z,bafyreifw65fuf6vuyhlibnncge6hfmv5o3vie4tki5ll7fnfpuufo5d57e,bannerite.bsky.social,Pat Fuller,It’s Monday! Choose love! I love coffee!,,,,2,4,33,0,2025-08-04T11:07:42Z,,,,,,,,,False,bannerite.bsky.social,0,0.994015455245972,0.0059845265932381,0,0.989455759525299,0.0105442591011524,0,0.994015455245972,0.0059845265932381,1,0.63096159696579,0.355506300926208,0.0135321086272597,0.018974753,0.0012111664,0.009336887,0.013917602,0.0032188136,0.0074048014,0.010321004,0.79006493,0.42819625,0.107718125,0.07850564,0.63740736,0.071766086,0.77588475,Pat Fuller,"Democrat, anti-racism, LGBTQ ally. Keeper of the flame!🔥 The older I get, the less I know for certain! Not looking for a man. Been with same guy for 55 yrs. 
Retired educator/counselor #BadAssFeminist #BlueResisters
#MomSky #Pinks I believe in kindness!",159672.0,32871.0,9049.0,did:plc:czgdhu4ml6yjpkptbytkcwvu,2025-08-04,0.0,2025-08-04 11:07:42+00:00,23.559043674722222,0.6353317927202943,39,0.0008482686619105621,0.12411310030905462,0.27432154260742153,176,reranked_nonpolitical
3869,at://did:plc:lzsxyxqebfmpx6jia6wjqgtx/app.bsky.feed.post/3lvkzptrr7225,bafyreibx2oylo3j66gv6oxjawjg652eyi4teohhhbxzmvfdqzjohaceudq,jonathanslater.bsky.social,Jonathan Slater,Heal your issues.  Good morning Blue Sky,,,,2,6,69,1,2025-08-04T10:53:40Z,,,,,,,,,False,jonathanslater.bsky.social,0,0.99322634935379,0.0067736669443547,0,0.986006140708923,0.013993832282722,0,0.99322634935379,0.0067736669443547,2,0.44572377204895,0.541428327560425,0.012847906909883,0.04067813,0.0011396408,0.020192537,0.011389818,0.0032188136,0.0071070488,0.0042463564,0.7737671,0.74982333,0.091476426,0.07209374,0.43605614,0.10297144,0.8198948,Jonathan Slater,"Help who you can, when you can, for as long as you can. City From Above. We live and we struggle. No DM’s Born April 1. Really!",130498.0,10816.0,7591.0,did:plc:lzsxyxqebfmpx6jia6wjqgtx,2025-08-04,0.0,2025-08-04 10:53:40+00:00,23.79293256361111,0.6324771246100684,78,0.0016965373238211241,0.10143614011305056,0.2743182340834151,177,reranked_nonpolitical
1765,at://did:plc:rjr6nfdzrfngjgc34jjyty6a/app.bsky.feed.post/3lvl3f6m2e224,bafyreigetx6ellec57bbyjydrelxhmt2lj43trodpt5fpi7ai4hk4aecha,sifill.bsky.social,Sherrilyn Ifill,What’s the date on this story. Seems like the thing you’d write in April. I think it’s pretty clear that it ain’t happening.,,,,0,1,5,0,2025-08-04T11:23:29Z,,,at://did:plc:ln72v57ivz2g46uqf4xxqiuh/app.bsky.feed.post/3lvl27mvs3f22,,,,,,False,sifill.bsky.social,0,0.993477165699005,0.0065228547900915,0,0.984650075435638,0.0153499832376838,0,0.993477165699005,0.0065228547900915,2,0.0077035054564476,0.978102266788483,0.0141941914334893,0.010115679,0.0005674362,0.007360875,0.010057608,0.0015354111,0.006763986,0.0040694247,0.10759918,0.068887435,0.7144373,0.064608715,0.10696436,0.037783217,0.29102772,Sherrilyn Ifill,"Civil rights lawyer; democracy warrior, dedicated to racial justice & equality. Fmr President & Director-Counsel, NAACP Legal Defense & Educational Fund, Inc.",242841.0,521.0,3955.0,did:plc:rjr6nfdzrfngjgc34jjyty6a,2025-08-04,0.0,2025-08-04 11:23:29+00:00,23.295988119166665,0.6385578443915176,6,0.0001305028710631634,0.18876039250558102,0.2690732122470914,178,reranked_nonpolitical
602,at://did:plc:jbvnehrrdqoulco4rf5gxg5r/app.bsky.feed.post/3lvkzakcppc22,bafyreihs4ogthdlo2emupwtxl547ad52eldk7xh2xsnm73l3rstrqptu2y,reuters.com,Reuters,FIFA faces Dutch class action over player transfer regulations reut.rs/3IZSHaL,,,,0,2,7,0,2025-08-04T10:45:07Z,,,,,,,,,False,reuters.com,0,0.979618549346924,0.0203814785927534,0,0.962055146694183,0.0379448533058167,0,0.979618549346924,0.0203814785927534,2,0.0130644803866744,0.94268387556076,0.0442516878247261,0.03309893,0.0022220612,0.011692902,0.022423252,0.01139534,0.0113014765,0.031375855,0.08968788,0.1189293,0.20059752,0.046886425,0.17157565,0.055537287,0.18207537,Reuters,,272224.0,143.0,27580.0,did:plc:jbvnehrrdqoulco4rf5gxg5r,2025-08-04,0.0,2025-08-04 10:45:07+00:00,23.935432563611112,0.630744170769386,9,0.00019575430659474509,0.21159980847319557,0.2686729826370663,179,reranked_nonpolitical
2178,at://did:plc:wjatbj4hiinxfqaeixaw2bcp/app.bsky.feed.post/3lvl2thbyhq2o,bafyreidia43vsrfgty235e54gtdw4rcpvu3d2u3pnnowl7empbizlykdgu,realtuckfrumper.bsky.social,Tuck | Political Roastmaster,Max Verstappen Laughs off FIA Investigation on Incident With Lewis Hamilton https://twp.ai/4ioxtl,,,,0,1,1,0,2025-08-04T11:13:36Z,,,,,,,,,False,realtuckfrumper.bsky.social,0,0.989478766918182,0.0105212293565273,0,0.951502740383148,0.0484972558915615,0,0.989478766918182,0.0105212293565273,2,0.0194657891988754,0.903164684772491,0.0773695632815361,0.023906821,0.0020885468,0.010590895,0.019348921,0.004125261,0.00866054,0.023590868,0.10591581,0.087692045,0.34037396,0.060951967,0.30789703,0.048805583,0.28628567,Tuck | Political Roastmaster,Roasting politics since 2009. Snark-first commentary for the relentlessly online.,206295.0,143906.0,243667.0,did:plc:wjatbj4hiinxfqaeixaw2bcp,2025-08-04,0.0,2025-08-04 11:13:36+00:00,23.46071034138889,0.6365358177181503,2,4.3500957021054466e-05,0.16035317418367917,0.24703785732482952,180,reranked_nonpolitical
775,at://did:plc:vtpyqvwce4x6gpa5dcizqecy/app.bsky.feed.post/3lvl2zqd5tz2u,bafyreigegkfmd3xifyhkdddkoivq3nf7wympg2defb6bdn5d2hsvqcguhy,techcrunch.com,TechCrunch,Tesla proposes $29B comp package for Elon Musk amid ‘AI talent war’,,,,0,1,1,0,2025-08-04T11:17:05Z,,,,,,,,,False,techcrunch.com,0,0.986283302307129,0.0137167014181614,0,0.984263718128204,0.0157363135367632,0,0.986283302307129,0.0137167014181614,2,0.0318943373858929,0.956121027469635,0.0119846351444721,0.041915078,0.0020503998,0.01309891,0.016752819,0.007029593,0.012492486,0.011736456,0.080970325,0.06336803,0.091476426,0.060951967,0.09312157,0.07387768,0.30524352,TechCrunch,"Technology news and analysis with a focus on founders and startup teams.

Got a tip? http://techcrunch.com/tips",167302.0,39.0,12896.0,did:plc:vtpyqvwce4x6gpa5dcizqecy,2025-08-04,0.0,2025-08-04 11:17:05+00:00,23.402654785833334,0.6372477396024041,2,4.3500957021054466e-05,0.13004390192335197,0.2446152872429993,181,reranked_nonpolitical
2173,at://did:plc:wjatbj4hiinxfqaeixaw2bcp/app.bsky.feed.post/3lvl35gyao62p,bafyreic7z4wyxg34scdicve4fyzlqheglobmm4r7la5xvnmsbae64qyula,realtuckfrumper.bsky.social,Tuck | Political Roastmaster,MLS Fan Kicked Out of Stadium for Wearing MAGA Hat https://twp.ai/4ioxu7,,,,1,1,6,0,2025-08-04T11:19:10Z,,,,,,,,,False,realtuckfrumper.bsky.social,0,0.986199975013733,0.013800042681396,0,0.961604952812195,0.0383950583636761,0,0.986199975013733,0.013800042681396,2,0.194397896528244,0.550635039806366,0.254967093467712,0.062236045,0.0030899048,0.018323302,0.026590679,0.012641981,0.028206514,0.020759964,0.14659832,0.13058923,0.078409515,0.050319668,0.48850536,0.0665686,0.2625746,Tuck | Political Roastmaster,Roasting politics since 2009. Snark-first commentary for the relentlessly online.,206295.0,143906.0,243667.0,did:plc:wjatbj4hiinxfqaeixaw2bcp,2025-08-04,0.0,2025-08-04 11:19:10+00:00,23.36793256361111,0.6376739106645197,8,0.00017400382808421786,0.16035317418367917,0.23225697508858015,182,reranked_nonpolitical
599,at://did:plc:jbvnehrrdqoulco4rf5gxg5r/app.bsky.feed.post/3lvl2easyg222,bafyreihdeap372m3vmg7f2nzxxzu723fp2bqeb6ll2tl5igmh4pqry5j7y,reuters.com,Reuters,"Armed men on motorbikes kill 11, kidnap 70 in northwest Nigeria reut.rs/47eRhDk",,,,0,3,12,0,2025-08-04T11:05:04Z,,,,,,,,,False,reuters.com,0,0.982565402984619,0.0174346417188644,0,0.973318874835968,0.0266811717301607,0,0.982565402984619,0.0174346417188644,2,0.0280698463320732,0.865634143352509,0.106296025216579,0.20705862,0.016383713,0.030816011,0.0838743,0.10235514,0.2836219,0.040446278,0.102570616,0.37545913,0.07420289,0.062164437,0.32634202,0.079235196,0.33404386,Reuters,,272224.0,143.0,27580.0,did:plc:jbvnehrrdqoulco4rf5gxg5r,2025-08-04,0.0,2025-08-04 11:05:04+00:00,23.60293256361111,0.6347951383757005,15,0.00032625717765790845,0.21159980847319557,0.20957748920360772,183,reranked_nonpolitical
656,at://did:plc:j4eroku3volozvv6ljsnnfec/app.bsky.feed.post/3lvl2dni7qn2d,bafyreiag5h2vg272l3agpyliou43m4u5ffdcwtlgaijwsvdyxm4z3s6kzi,huffpost.com,HuffPost,"""Is this normal?""",,,,0,0,0,0,2025-08-04T11:04:44Z,,,,,,,,,False,huffpost.com,0,0.985304892063141,0.0146950762718916,0,0.965446710586548,0.0345532484352589,0,0.985304892063141,0.0146950762718916,2,0.0077826520428061,0.973239481449127,0.0189778190106153,0.030034892,0.0011014938,0.0114269,0.016821137,0.0022568693,0.0067898775,0.00979021,0.5176529,0.2230082,0.7429801,0.08375148,0.5040907,0.027406916,0.6048477,HuffPost,"🚨 Fair and fearless reporting since 2005. 🚨

Got a scoop? Send us news tips here 🔍 https://tips.huffpost.com",103336.0,53.0,13155.0,did:plc:j4eroku3volozvv6ljsnnfec,2025-08-04,0.0,2025-08-04 11:04:44+00:00,23.608488119166665,0.6347272397756824,0,0.0,0.0803231082064261,0.18322647736030573,184,reranked_nonpolitical
882,at://did:plc:ck7aajho5ziqo6lrs64rm4oc/app.bsky.feed.post/3lvkzufol632k,bafyreiho4adyko75mqrtlbcnw56pkzkimkacs3dhxiaqqiuvdtvbhvpiym,nypost.com,New York Post ,Alleged gunman who shot driver accused of plowing into a crowd outside Hollywood nightclub has been arrested,,,,0,0,0,0,2025-08-04T10:56:13Z,,,,,,,,,False,nypost.com,0,0.975939154624939,0.0240608528256416,0,0.963411509990692,0.0365884527564049,0,0.975939154624939,0.0240608528256416,1,0.832930743694305,0.12359357625246,0.0434757024049759,0.18364124,0.00831604,0.022512967,0.043415543,0.019877186,0.2606104,0.02500632,0.09607936,0.36009043,0.15272859,0.10646603,0.30789703,0.09369614,0.46750137,New York Post ,,2660.0,4.0,52505.0,did:plc:ck7aajho5ziqo6lrs64rm4oc,2025-08-04,0.0,2025-08-04 10:56:13+00:00,23.75043256361111,0.6329948916687717,0,0.0,0.0020676189114064163,0.13872984606155922,185,reranked_nonpolitical
2585,at://did:plc:mfrcz3kv7bsth54bkyrridp5/app.bsky.feed.post/3lvl2se3dwk2g,bafyreihrkfokzt5eydkzbnmak4zow6tt3xg67giv33u7ytmxonb77qd3fm,sundaedivine.bsky.social,𝕊𝕦𝕟𝕕𝕒𝕖 𝔾𝕦𝕣𝕝,The late-night comedy writers must be thrilled.,,,,0,0,38,0,2025-08-04T11:12:57Z,at://did:plc:t6ubj2wlhc34awzcymh3qpur/app.bsky.feed.post/3lvkyzg34lc2y,at://did:plc:t6ubj2wlhc34awzcymh3qpur/app.bsky.feed.post/3lvkyzg34lc2y,,,,,,,False,sundaedivine.bsky.social,0,0.992851257324219,0.0071487873792648,0,0.985910654067993,0.0140893440693617,0,0.992851257324219,0.0071487873792648,2,0.0140178194269538,0.973974645137787,0.0120075838640332,0.04785245,0.0013446808,0.02051482,0.016547862,0.0048097214,0.008168601,0.01209032,0.3395551,0.115081154,0.14768031,0.028460866,0.25881764,0.010759453,0.5225227,𝕊𝕦𝕟𝕕𝕒𝕖 𝔾𝕦𝕣𝕝,"Laugh at the absurd, ponder the peculiar, and celebrate the sheer randomness of existence. DCist.",180472.0,9459.0,7797.0,did:plc:mfrcz3kv7bsth54bkyrridp5,2025-08-04,0.0,2025-08-04 11:12:57+00:00,23.471543674722223,0.6364030591316446,38,0.0008265181834000348,0.14028094743584163,0.1273856833702755,186,reranked_nonpolitical
1724,at://did:plc:tsuzwzqlnxfnodl2u6w4yrqb/app.bsky.feed.post/3lvkzgmsgm22r,bafyreigoevidwenk7yd7ne3d4pt55j5dygwjj5qg4gn2uuzqy5r3p45iti,chapmab.bsky.social,,@mrjamesob.bsky.social Hi James. Saw this on holiday and was reminded of you,,,,2,2,36,0,2025-08-04T10:48:36Z,,,,,,,,,True,mrjamesob.bsky.social,0,0.993456900119781,0.0065431571565568,0,0.985744297504425,0.0142556969076395,0,0.993456900119781,0.0065431571565568,2,0.0088954009115696,0.981136381626129,0.0099681792780757,0.045131154,0.0024414063,0.017485369,0.022901481,0.00828752,0.010291707,0.02146769,0.87126386,0.5121217,0.46672752,0.09317882,0.82962245,0.110383466,0.8665486,,,,,,,2025-08-04,0.0,2025-08-04 10:48:36+00:00,23.877377008055554,0.6314496150916648,40,0.0008700191404210892,,,187,reranked_nonpolitical
1768,at://did:plc:moykfnyshji4ab5k4iwzajij/app.bsky.feed.post/3lvkzhdcz722b,bafyreic4hcdbu6y2lvvhs7r45njsdny7krp37gkpsnnzdmbjqo2tmlrnha,electproject.bsky.social,Michael McDonald,Tesla board admitting the only thing propping up Tesla’s stock is Musk being a meme,,,,6,13,96,0,2025-08-04T10:48:54Z,,,at://did:plc:movn6xzezospl7lnkhy7nzpt/app.bsky.feed.post/3lvkyuoojac2k,,,,,,True,sifill.bsky.social,0,0.969922006130219,0.0300780385732651,1,0.0505100078880787,0.949489951133728,0,0.969922006130219,0.0300780385732651,3,0.0368229821324348,0.0197885669767857,0.943388402462006,0.17631748,0.0025558472,0.09855611,0.023652986,0.008583503,0.007417747,0.007047772,0.070157036,0.043400727,0.19469051,0.05854601,0.060831316,0.043212753,0.0974916,,,,,,,2025-08-04,0.0,2025-08-04 10:48:54+00:00,23.872377008055555,0.6315104079512798,115,0.0025013050287106316,,,188,reranked_nonpolitical
2960,at://did:plc:wssmsoblc24rg7fncauh26y4/app.bsky.feed.post/3lvkzoiyfuc2o,bafyreid5yxckdemh2hcuayj4unvs2ovg7udorbuq7qtv5o27qlbck62rsy,sammiestsam.sheshed.rocks,🖤💋SammieSam💋🖤,"Good Monday morning, friends! 

Here's a short recap of the last 7 months. 

This young person nails it with these songs!

Have a day, y'all!!

#SheShed",,,,0,13,16,0,2025-08-04T10:52:56Z,,,,,,,,,True,bannerite.bsky.social,0,0.994631052017212,0.0053689847700297,0,0.990745067596436,0.0092548951506614,0,0.994631052017212,0.0053689847700297,2,0.0122982449829578,0.980141222476959,0.0075605777092278,0.035691574,0.0030326843,0.012794908,0.022218296,0.00828752,0.01052473,0.026067909,0.8772599,0.62783974,0.28168398,0.13755322,0.78428215,0.40295652,0.8928852,,,,,,,2025-08-04,0.0,2025-08-04 10:52:56+00:00,23.805154785833334,0.6323283027052783,29,0.0006307638768052897,,,189,reranked_nonpolitical
3092,at://did:plc:xtytenkhytpek3zszl3rh44t/app.bsky.feed.post/3lvkziprrje22,bafyreid6lujwu2ik5xgkaswyxpnlf6dnor5cgby3ch76y6ucejiqojj2ly,jeremymberg.bsky.social,Jeremy Berg,"Updated funding curves (new format)

(Data through July 18)

Fraction of grant budget, all awards

1/5",,,,4,8,24,1,2025-08-04T10:49:53Z,,,,,,,,,True,donmoyn.bsky.social,0,0.621246576309204,0.378753393888474,0,0.988092184066772,0.0119077814742923,0,0.621246576309204,0.378753393888474,2,0.007217695005238,0.983605325222015,0.0091770524159073,0.004335291,0.00041246414,0.0060878675,0.00905845,0.0010775626,0.005854546,0.0031847672,0.05978799,0.042097915,0.34698093,0.27556258,0.09685791,0.3699286,0.44598937,,,,,,,2025-08-04,0.0,2025-08-04 10:49:53+00:00,23.855988119166668,0.6317097144716581,37,0.0008047677048895076,,,190,reranked_nonpolitical
